ID,Name,Parameter,Language,Frequency,Confidence,References
suntb-NanjianYi-882_smooth-1,a21mo33tchi33,SMOOTH,Yi (Nanjian),,,
ids-802-15-770-1,a31khliat51,SMOOTH,Bulang-2,,,
suntb-Sulong-882_smooth-1,a33g@i33,SMOOTH,Sulung [Puroik],,,
tryonsolomon-ghari-250_smooth-1,aca,SMOOTH,Ghari,,,
ids-319-15-770-3,aenaekhintsperenos,SMOOTH,Ossetic,,,
ids-319-15-770-2,aentson,SMOOTH,Ossetic,,,
hubercolumbian-Guahibo-334_smooth-1,ahue,SMOOTH,Guahibo,,,
hubercolumbian-Playero-334_smooth-2,ahue,SMOOTH,Playero,,,
northeuralex-abk-493_smooth-1,aimayzi,SMOOTH,Abkhaz,,,
diacl-58800-149_smooth-1,ajasga,SMOOTH,Abkhaz,,,
lexirumah-biak1248-smooth-1,akikjew,SMOOTH,Biak,,,
ids-299-15-770-1,alaalnayo,SMOOTH,Sanapaná (Enlhet dialect),,,
ids-222-15-770-1,alastik,SMOOTH,Nahuatl (Sierra de Zacapoaxtla variety),,,
tryonsolomon-asumboa-250_smooth-1,alevaleve,SMOOTH,Asumboa,,,
ids-208-15-770-1,alpu,SMOOTH,Hittite,,,
lexirumah-gese1240-smooth-1,alus,SMOOTH,Geser-Gorom,,,
lexirumah-remb1250-smooth-1,alus,SMOOTH,Rembong,,,
lexirumah-sika1262-tanai-smooth-4,alus,SMOOTH,"Sika, Tana Ai",,,
lexirumah-bone1254-smooth-1,alusu,SMOOTH,Bonerate,,,
lexirumah-bura1274-smooth-1,alusu,SMOOTH,"Cia-Cia, Burangasi",,,
lexirumah-ciac1237-batu-smooth-1,alusu,SMOOTH,"Cia-Cia, Batu Atas",,,
lexirumah-ciac1237-kase-smooth-1,alusu,SMOOTH,"Cia-Cia, Kase",,,
lexirumah-ciac1237-kondo-smooth-1,alusu,SMOOTH,"Cia-Cia, Kondowa",,,
lexirumah-ciac1237-tira-smooth-1,alusu,SMOOTH,"Cia-Cia, Tira",,,
lexirumah-kaes1237-smooth-1,alusu,SMOOTH,Kaisabu,,,
lexirumah-kumb1274-smooth-1,alusu,SMOOTH,Kumbewaha,,,
lexirumah-lasa1237-smooth-1,alusu,SMOOTH,Lasalimu,,,
lexirumah-woli1241-baadi-smooth-1,alusu,SMOOTH,"Wolio, Baadia",,,
lexirumah-woli1241-bone-smooth-1,alusu,SMOOTH,"Wolio, Bone-Bone",,,
lexirumah-woli1241-talag-smooth-1,alusumararo,SMOOTH,"Wolio, Talaga",,,
lexirumah-lioo1240-smooth-1,amo,SMOOTH,Lio,,,
wold-ImbaburaQuechua-1039_smooth-1,amuklla,SMOOTH,Imbabura Quechua,,,
marrisonnaga-Maring-691_smooth-1,ana,SMOOTH,Maring,,,
tryonsolomon-ghaimuta-250_smooth-1,anja,SMOOTH,Ghaimuta,,,
tryonsolomon-nggae-250_smooth-1,anja,SMOOTH,Nggae,,,
tryonsolomon-nggeri-250_smooth-1,anja,SMOOTH,Nggeri,,,
tryonsolomon-nginia-250_smooth-1,anza,SMOOTH,Nginia,,,
lexirumah-stan1308-smooth-1,aoalusu,SMOOTH,Muna,,,
lexirumah-maib1239-smooth-1,apuox,SMOOTH,Maybrat,,,
tryonsolomon-lokuru-250_smooth-1,arota,SMOOTH,Lokuru,,,
tryonsolomon-mbaniata-250_smooth-1,arota,SMOOTH,Mbaniata,,,
wold-TarifiytBerber-1039_smooth-1,ar@qqag,SMOOTH,Tarifiyt Berber,,,
lexirumah-kond1303-smooth-1,asiserere,SMOOTH,Konda,,,
sohartmannchin-Chinbon-213_smooth-1,athoijot,SMOOTH,Chinbon,,,
hubercolumbian-Bari-334_smooth-1,atrobisinin@,SMOOTH,Barí,,,
northeuralex-ale-493_smooth-1,atxaxsix,SMOOTH,Aleut,,,
ids-311-15-770-2,axkete,SMOOTH,Selknam,,,
hubercolumbian-Cuiba-334_smooth-1,axue,SMOOTH,Cuiba,,,
ids-255-15-770-1,ayadekae,SMOOTH,Waorani,,,
ids-311-15-770-1,aypel,SMOOTH,Selknam,,,
ids-508-15-770-1,bamuri,SMOOTH,Dargwa (Megeb dialect),,,
ids-508-15-770-2,bamuri,SMOOTH,Dargwa (Megeb dialect),,,
ids-840-15-770-1,bang2,SMOOTH,Mang VN,,,
lexirumah-kaer1234-smooth-2,baxarang,SMOOTH,Kaera,,,
satterthwaitetb-SichuanYi-337_smoothofsurface-1,bbaxyuo,SMOOTH,Nosu,,,
lexirumah-funa1237-smooth-1,bdoson,SMOOTH,Funai Helong,,,
lexirumah-dela1252-smooth-2,bebela,SMOOTH,Dela,,,
suntb-BijiangNusu-882_smooth-1,biar55biar55m55,SMOOTH,Nusu (Bijiang),,,
lexirumah-nede1245-smooth-1,bifi,SMOOTH,Klamu,,,
robinsonap-nedebang-268_smooth-1,bifi,SMOOTH,Nedebang,,,
northeuralex-gld-493_smooth-2,bildobildobi,SMOOTH,Nanai,,,
ids-838-15-770-1,bin,SMOOTH,Iduh,,,
hubercolumbian-Playero-334_smooth-1,binehai,SMOOTH,Playero,,,
hubercolumbian-Kamsa-334_smooth-1,binginjana,SMOOTH,Kamsá,,,
lexirumah-pura1258-smooth-1,birdula,SMOOTH,"Blagar, Pura",,,
lexirumah-negr1235-smooth-1,biribiri,SMOOTH,"Kokoda, Negeri Besar",,,
lexirumah-kasu1243-smooth-1,biribiria,SMOOTH,"Kokoda, Kasueri",,,
ids-322-15-770-1,bitarab,SMOOTH,Avar (East Gergebil dialect),,,
ids-321-15-770-2,bitiabishara,SMOOTH,Avar (Khunzakh dialect),,,
ids-322-15-770-2,bitiabisharab,SMOOTH,Avar (East Gergebil dialect),,,
ids-323-15-770-2,bitiabisharab,SMOOTH,Avar (Ansalta dialect),,,
ids-324-15-770-2,bitiabisharab,SMOOTH,Avar (Salatav dialect),,,
ids-26-15-770-1,bitiara,SMOOTH,Avar (Batlukh dialect),,,
ids-321-15-770-1,bitiara,SMOOTH,Avar (Khunzakh dialect),,,
ids-27-15-770-1,bitiarab,SMOOTH,Avar (Hid dialect),,,
ids-323-15-770-1,bitiarab,SMOOTH,Avar (Ansalta dialect),,,
ids-324-15-770-1,bitiarab,SMOOTH,Avar (Salatav dialect),,,
ids-531-15-770-2,bitiarab,SMOOTH,"Bezhta (Tlyadal dialect, Karauzek subdialect)",,,
ids-37-15-770-1,bitii,SMOOTH,Botlikh,,,
ids-38-15-770-1,bitiissu,SMOOTH,Godoberi,,,
ids-316-15-770-2,bitiunnivi,SMOOTH,Andi (Muni dialect),,,
ids-31-15-770-1,bitiurab,SMOOTH,Avar (Karakh dialect),,,
ids-524-15-770-1,biuchia,SMOOTH,Lak (Arakul dialect),,,
ids-526-15-770-1,biuvchiussa,SMOOTH,Lak (Shali dialect),,,
ids-420-15-770-1,blak8,SMOOTH,Lakkia,,,
tryonsolomon-blablanga-250_smooth-1,blelu,SMOOTH,Blablanga,,,
lexirumah-kema1243-kaila-smooth-1,b@lobon,SMOOTH,"Kemak, Kailaku",,,
lexirumah-alor1247-munas-smooth-2,bloho,SMOOTH,"Alorese, Munaseli",,,
suntb-MojiangYi-882_smooth-1,bo21,SMOOTH,Yi (Mojiang),,,
hantganbangime-Bunoge-241_smooth-1,borallaga,SMOOTH,Bunoge,,,
lexirumah-galo1243-smooth-1,brena,SMOOTH,Galolen,,,
northeuralex-ddo-493_smooth-1,bujaesi,SMOOTH,Tsez,,,
hantganbangime-Tiranige_Diga-241_smooth-1,burada,SMOOTH,Tiranige_Diga,,,
wold-Oroqen-1039_smooth-1,burtsurin,SMOOTH,Oroqen,,,
diacl-58200-149_smooth-1,calcam,SMOOTH,Lezgian,,,
ids-50-15-770-1,chahchub,SMOOTH,Tindi,,,
ids-502-15-770-1,chanchu,SMOOTH,Chamalal (Gigatli dialect),,,
ids-425-15-770-1,chi35pje42,SMOOTH,Qau Kelao,,,
wold-Yaqui-1039_smooth-1,chitabetalai,SMOOTH,Yaqui,,,
ids-410-15-770-3,cho1,SMOOTH,Shan (Northern Shan dialect),,,
ids-534-15-770-1,chulattut,SMOOTH,Archi (variety 2),,,
ids-62-15-770-1,chulattut,SMOOTH,Archi (variety 1),,,
wold-ZinacantanTzotzil-1039_smooth-1,chulul,SMOOTH,Zinacantán Tzotzil,,,
halenepal-Nepali-1676_smooth-1,cilla,SMOOTH,Nepali,,,
ids-706-15-770-1,ciplo,SMOOTH,Nepali,,,
halenepal-Gurung-1676_smooth-1,ciqllo,SMOOTH,Gurung,,,
ids-278-15-770-1,ciro,SMOOTH,Catuquina,,,
ids-159-15-770-2,coskit,SMOOTH,Udmurt,,,
wold-Archi-1039_smooth-1,cula,SMOOTH,Archi,,,
halenepal-Newar-1676_smooth-1,culu,SMOOTH,Newar,,,
ids-258-15-770-1,cuwin,SMOOTH,Aguaruna,,,
halenepal-Thakali-1676_smooth-1,cyahmpa,SMOOTH,Thakali,,,
hantganbangime-Jenaama-241_smooth-1,daatana,SMOOTH,Jenaama,,,
tryonsolomon-kwaraae-250_smooth-1,dad,SMOOTH,Kwara'ae,,,
tryonsolomon-langalanga-250_smooth-1,dada,SMOOTH,Langalanga,,,
tryonsolomon-launorth-250_smooth-1,dada,SMOOTH,Lau North,,,
tryonsolomon-launorth-250_smooth-2,dadala,SMOOTH,Lau North,,,
tryonsolomon-dorio-250_smooth-1,dadaraa,SMOOTH,Dori'o,,,
naganorgyalrongic-JinchuanErkairGyalrong-886_levelandsmooth-1,dahrnaet,SMOOTH,rGyalrong (Jinchuan Erkai),,,
lexirumah-p-mala1545-acd-smooth-1,dalit,SMOOTH,proto-MP-ACD,,,
lexirumah-sawi1256-smooth-1,daluka,SMOOTH,Sawila,,,
marrisonnaga-Lushai-691_smooth-1,dam,SMOOTH,Lushai,,,
hubercolumbian-Cuiba-334_smooth-2,damei,SMOOTH,Cuiba,,,
lexirumah-west2547-welaun-smooth-1,darat,SMOOTH,Welaun,,,
tryonsolomon-fataleka-250_smooth-1,dedema,SMOOTH,Fataleka,,,
wold-Sakha-1039_smooth-1,dekhsi,SMOOTH,Sakha,,,
tls-Kimochiunn-1247_smooth-1,dendekeri,SMOOTH,Kimochi.unn,,,
tls-Keniunn-1247_smooth-1,denderi,SMOOTH,Keni.unn,,,
tls-Kiboshounn-1247_smooth-1,denderi,SMOOTH,Kibosho.unn,,,
suntb-MileYi-882_smooth-2,di33,SMOOTH,Yi (Mile),,,
lexirumah-hata1243-smooth-2,dia,SMOOTH,Hatam,,,
ids-512-15-770-2,dirkse,SMOOTH,"Dargwa (Tsudakhar dialect, Tanty subdialect)",,,
ids-515-15-770-1,dirkse,SMOOTH,Dargwa (Usisha dialect),,,
marrisonnaga-Nruanghmei-691_smooth-1,diumei,SMOOTH,Nruanghmei,,,
ids-525-15-770-1,diurchussa,SMOOTH,Lak (Balkhar dialect),,,
ids-415-15-770-1,djan1djoi3,SMOOTH,Sui,,,
northeuralex-lbe-493_smooth-1,djurtsusa,SMOOTH,Lak,,,
lexirumah-wers1238-marit-smooth-1,d@lok,SMOOTH,"Wersing, Maritaing",,,
ids-247-15-770-1,doua,SMOOTH,Embera,,,
wold-WhiteHmong-1039_smooth-1,du,SMOOTH,White Hmong,,,
lexirumah-lamm1241-westp-smooth-1,duba,SMOOTH,Tubbe,,,
robinsonap-westernpantar-268_smooth-1,duba,SMOOTH,Western Pantar,,,
lexirumah-adan1251-otvai-smooth-1,dul,SMOOTH,"Adang, Otvai",,,
lexirumah-dein1238-smooth-1,dul,SMOOTH,Deing,,,
lexirumah-sarr1247-smooth-1,dul,SMOOTH,Sar,,,
lexirumah-teiw1235-adiab-smooth-1,dul,SMOOTH,"Teiwa, Adiabang",,,
lexirumah-baka1276-smooth-1,dula,SMOOTH,"Blagar, Bakalang",,,
lexirumah-blag1240-bama-smooth-1,dula,SMOOTH,"Blagar, Bama",,,
lexirumah-blag1240-kulij-smooth-1,dula,SMOOTH,"Blagar, Kulijahi",,,
lexirumah-blag1240-manat-smooth-1,dula,SMOOTH,"Blagar, Manatang",,,
lexirumah-blag1240-nule-smooth-1,dula,SMOOTH,"Blagar, Nule",,,
lexirumah-blag1240-tuntu-smooth-1,dula,SMOOTH,"Blagar, Tuntuli",,,
lexirumah-blag1240-warsa-smooth-1,dula,SMOOTH,"Blagar, Warsalelang",,,
lexirumah-kira1248-smooth-1,dula,SMOOTH,Kiraman,,,
lexirumah-kuii1253-smooth-1,dula,SMOOTH,"Kui, Labaing",,,
lexirumah-kula1280-lanto-smooth-1,dula,SMOOTH,"Kula, Lantoka",,,
lexirumah-p-alor1249-smooth-1,dula,SMOOTH,proto-AP,,,
lexirumah-rett1240-smooth-1,dula,SMOOTH,"Reta, Pura",,,
lexirumah-rett1240-hula-smooth-1,dula,SMOOTH,"Reta, Hula",,,
robinsonap-blagar-268_smooth-1,dula,SMOOTH,Blagar,,,
robinsonap-kui-268_smooth-1,dula,SMOOTH,Kui,,,
robinsonap-protoalorpantar-268_smooth-1,dulslippery,SMOOTH,Alor-Pantar,,,
lexirumah-adan1251-lawah-smooth-1,dulu,SMOOTH,"Adang, Lawahing",,,
lexirumah-kabo1247-smooth-1,dulu,SMOOTH,"Kabola, Monbang",,,
robinsonap-adang-268_smooth-1,dulu,SMOOTH,Adang,,,
lexirumah-kula1280-lanto-smooth-2,dulua,SMOOTH,"Kula, Lantoka",,,
ids-318-15-770-1,duriswalakur,SMOOTH,Uncunwee,,,
robinsonap-klon-268_smooth-1,duul,SMOOTH,Klon,,,
ids-166-15-770-1,duz,SMOOTH,Azerbaijani (Terekeme dialect),,,
ids-71-15-770-2,duz,SMOOTH,Azerbaijani,,,
northeuralex-kmr-493_smooth-1,duz,SMOOTH,Northern Kurdish,,,
ids-66-15-770-1,duzdy,SMOOTH,Rutul,,,
ids-528-15-770-2,duzud,SMOOTH,Rutul (Ikhrek dialect),,,
ids-242-15-770-1,dyibakaari,SMOOTH,Barí,,,
northeuralex-tur-493_smooth-1,dyz,SMOOTH,Turkish,,,
suntb-MotuoTsangla-882_smooth-1,dzampo,SMOOTH,Tsangla (Motuo),,,
wold-OldHighGerman-1039_smooth-1,ebani,SMOOTH,Old High German,,,
ids-193-15-770-3,eben,SMOOTH,Middle High German ,,,
ids-194-15-770-2,eben,SMOOTH,German,,,
lexirumah-mani1235-smooth-2,edeskwesi,SMOOTH,Sougb,,,
lexirumah-meya1236-smooth-1,efeta,SMOOTH,Meyah,,,
ids-191-15-770-2,effen,SMOOTH,Dutch,,,
hubercolumbian-Chapalaachi-334_smooth-1,ehtsamiljalja,SMOOTH,Cha'palaachi,,,
lexirumah-mosk1236-smooth-1,ejwarsa,SMOOTH,Moskona,,,
tryonsolomon-ghanongga-250_smooth-1,emese,SMOOTH,Ghanongga,,,
tryonsolomon-lungga-250_smooth-1,emese,SMOOTH,Lungga,,,
lexirumah-buru1303-smooth-1,emribe,SMOOTH,Buru,,,
ids-173-15-770-1,erekkuru,SMOOTH,Macushi,,,
hubercolumbian-Yukpa-334_smooth-1,erora,SMOOTH,Yukpa,,,
lexirumah-mani1235-smooth-1,eskraha,SMOOTH,Sougb,,,
ids-241-15-770-1,fakangaere,SMOOTH,Tuamotuan,,,
tryonsolomon-kokota-250_smooth-1,fanogano,SMOOTH,Kokota,,,
tryonsolomon-santacatalina-250_smooth-1,fatara,SMOOTH,Santa Catalina,,,
hubercolumbian-Ocaina-334_smooth-1,fiiji,SMOOTH,Ocaina,,,
ids-183-15-770-1,flour,SMOOTH,Breton,,,
lexirumah-maka1316-smooth-1,fukal,SMOOTH,Makasae,,,
ids-325-15-770-1,gagalu,SMOOTH,Khwarshi (Kwantlada dialect),,,
ids-41-15-770-1,gagalu,SMOOTH,Khwarshi (Khwarshi dialect),,,
ids-54-15-770-1,gagalu,SMOOTH,Khwarshi (Inkhokvari dialect),,,
ids-162-15-770-1,gagaru,SMOOTH,Tsez (Mokok dialect) ,,,
ids-42-15-770-1,gagaru,SMOOTH,Hinuq,,,
ids-506-15-770-1,galagil,SMOOTH,Dargwa (Gubden dialect),,,
ids-507-15-770-1,galagil,SMOOTH,Dargwa (Kadar dialect),,,
ids-509-15-770-1,galagil,SMOOTH,Dargwa (Mekegi dialect),,,
ids-57-15-770-1,galagsi,SMOOTH,Dargwa,,,
ids-69-15-770-1,gamavar,SMOOTH,Khinalug,,,
ids-80-15-770-1,gamavar,SMOOTH,Udi,,,
ids-527-15-770-1,gamavaryd,SMOOTH,Rutul (Borchino Khnow dialect),,,
ids-70-15-770-1,gamavaryn,SMOOTH,Tsakhur,,,
diacl-56900-149_smooth-1,gangali,SMOOTH,Laz,,,
ids-316-15-770-1,garchichii,SMOOTH,Andi (Muni dialect),,,
ids-32-15-770-1,garchichii,SMOOTH,Andi,,,
tryonsolomon-mbaniata-250_smooth-2,gegozo,SMOOTH,Mbaniata,,,
ids-518-15-770-1,giamavar,SMOOTH,Kryz,,,
ids-63-15-770-1,giamavar,SMOOTH,Budukh,,,
northeuralex-udm-493_smooth-1,gilit,SMOOTH,Udmurt,,,
ids-254-15-770-1,giyachi,SMOOTH,Cofán,,,
ids-191-15-770-1,glad,SMOOTH,Dutch,,,
northeuralex-dan-493_smooth-1,glad,SMOOTH,Danish,,,
wold-Dutch-1039_smooth-1,glad,SMOOTH,Dutch,,,
ids-201-15-770-1,gladak,SMOOTH,Serbo-Croatian,,,
northeuralex-hrv-493_smooth-1,gladak,SMOOTH,Croatian,,,
northeuralex-slv-493_smooth-1,gladek,SMOOTH,Slovene,,,
ids-200-15-770-1,glad@k,SMOOTH,Bulgarian,,,
ids-203-15-770-1,gladki,SMOOTH,Polish,,,
northeuralex-bel-493_smooth-1,gladki,SMOOTH,Belarusian,,,
ids-204-15-770-1,gladkij,SMOOTH,Russian,,,
northeuralex-rus-493_smooth-1,gladkij,SMOOTH,Russian,,,
diacl-47000-149_smooth-1,gladko,SMOOTH,Romani (North Russian),,,
northeuralex-bul-493_smooth-1,gladuk,SMOOTH,Bulgarian,,,
ids-199-15-770-1,gladuku,SMOOTH,Old Church Slavonic,,,
ids-186-15-770-1,glat,SMOOTH,Danish,,,
ids-193-15-770-1,glat,SMOOTH,Middle High German ,,,
northeuralex-deu-493_smooth-1,glat,SMOOTH,German,,,
northeuralex-nld-493_smooth-1,glat,SMOOTH,Dutch,,,
northeuralex-nor-493_smooth-1,glat,SMOOTH,Norwegian (Bokmål),,,
northeuralex-swe-493_smooth-1,glat,SMOOTH,Swedish,,,
ids-195-15-770-1,glatik,SMOOTH,Yiddish,,,
diacl-45200-149_smooth-2,glatko,SMOOTH,Romani (Kosovo Arli),,,
ids-187-15-770-3,glatt,SMOOTH,Swedish,,,
ids-194-15-770-1,glatt,SMOOTH,German,,,
lexirumah-komo1261-smooth-1,g@le,SMOOTH,Komodo,,,
lexirumah-sika1262-tanai-smooth-1,glohor,SMOOTH,"Sika, Tana Ai",,,
diacl-46600-149_smooth-1,gloti,SMOOTH,Romani (Burgenland),,,
ids-196-15-770-3,glotnus,SMOOTH,Lithuanian,,,
northeuralex-kat-493_smooth-1,glu,SMOOTH,Georgian,,,
ids-197-15-770-1,gluds,SMOOTH,Latvian,,,
northeuralex-lav-493_smooth-1,gluts,SMOOTH,Latvian,,,
diacl-56500-149_smooth-1,gluvi,SMOOTH,Georgian,,,
diacl-56550-149_smooth-1,gluvi,SMOOTH,Old Georgian,,,
diacl-57000-149_smooth-1,gluvi,SMOOTH,Megrelian,,,
lexirumah-lama1277-kalik-smooth-1,g@m@los,SMOOTH,"Central Lembata, Kalikasa",,,
lexirumah-rong1269-smooth-4,godo,SMOOTH,Rongga,,,
hubercolumbian-Barasana-334_smooth-1,gosi,SMOOTH,Barasana,,,
hubercolumbian-Macuna-334_smooth-1,gosi,SMOOTH,Macuna,,,
hubercolumbian-Siona-334_smooth-1,gosihi,SMOOTH,Siona,,,
wold-MandarinChinese-1039_smooth-2,guang1hua2,SMOOTH,Mandarin Chinese,,,
satterthwaitetb-Mandarin-337_smoothofsurface-1,guanghua12,SMOOTH,Mandarin,,,
ids-705-15-770-2,gulagulit,SMOOTH,Marathi,,,
northeuralex-pol-493_smooth-1,gwatki,SMOOTH,Polish,,,
hantganbangime-Fulfulde-241_smooth-1,haasaade,SMOOTH,Fulfulde,,,
ids-827-15-770-1,hadibkohb,SMOOTH,Ahlao Th,,,
ids-214-15-770-1,haemvar,SMOOTH,Persian,,,
hubercolumbian-Guayabero-334_smooth-1,hahoek,SMOOTH,Guayabero,,,
ids-801-15-770-1,hai51mut33,SMOOTH,Bulang,,,
ids-296-15-770-1,hakustsaxka,SMOOTH,Trumai,,,
lexirumah-indo1316-lexi-smooth-1,halus,SMOOTH,Indonesian,,,
lexirumah-panc1247-lawel-smooth-1,halus,SMOOTH,"Pancana, Lawele",,,
lexirumah-urua1244-smooth-1,halus,SMOOTH,Uruangnirin,,,
wold-Indonesian-1039_smooth-1,halus,SMOOTH,Indonesian,,,
lexirumah-bone1254-kalao-smooth-1,halusu,SMOOTH,"Bonerate, Kalaotoa",,,
lexirumah-ciac1237-gonda-smooth-1,halusu,SMOOTH,"Cia-Cia, Gonda Baru",,,
lexirumah-ciac1237-wasam-smooth-1,halusu,SMOOTH,"Cia-Cia, Wasambua",,,
lexirumah-kumb1274-wolow-smooth-1,halusu,SMOOTH,Wolowa,,,
lexirumah-masi1269-smooth-1,halusu,SMOOTH,"Cia-Cia, Masiri",,,
ids-71-15-770-1,hamar,SMOOTH,Azerbaijani,,,
northeuralex-azj-493_smooth-1,hamar,SMOOTH,North Azerbaijani,,,
lexirumah-alor1247-besar-smooth-1,hamelu,SMOOTH,"Alorese, Alor-Besar",,,
lexirumah-alor1247-kecil-smooth-2,hamelu,SMOOTH,"Alorese, Kecil",,,
lexirumah-alor1247-terna-smooth-1,hamelu,SMOOTH,"Alorese, Ternate",,,
lexirumah-alor1247-dulol-smooth-1,hamilu,SMOOTH,"Alorese, Dulolong",,,
ids-240-15-770-1,hamolemole,SMOOTH,Tongan,,,
hubercolumbian-Guahibo-334_smooth-3,hapina,SMOOTH,Guahibo,,,
northeuralex-hye-493_smooth-1,harth,SMOOTH,Armenian,,,
tryonsolomon-faghani-250_smooth-1,hatara,SMOOTH,Faghani,,,
tryonsolomon-haununu-250_smooth-1,hatara,SMOOTH,Haununu,,,
tryonsolomon-rihua-250_smooth-1,hatara,SMOOTH,Rihu'a,,,
northeuralex-isl-493_smooth-1,hautl,SMOOTH,Icelandic,,,
suntb-WrittenTibetan-882_smooth-1,hdzampo,SMOOTH,Tibetan (Written),,,
lexirumah-kabu1249-smooth-1,hehetaizi,SMOOTH,"Kaburi, Benawa",,,
hubercolumbian-Saliba-334_smooth-1,hekaga,SMOOTH,Sáliba,,,
hubercolumbian-Resigaro-334_smooth-1,heni,SMOOTH,Resígaro,,,
ids-423-15-770-1,het31,SMOOTH,Ecun Buyang,,,
ids-800-15-770-1,hiap33,SMOOTH,Kme-2 (Kemie variety),,,
lexirumah-fata1247-smooth-1,hilate,SMOOTH,Fataluku,,,
hubercolumbian-Nukak-334_smooth-1,hio2,SMOOTH,Nukak,,,
ids-306-15-770-1,hipetahpe,SMOOTH,Wichí,,,
hubercolumbian-Bara-334_smooth-1,hipi,SMOOTH,Bará,,,
hubercolumbian-Waimaja-334_smooth-1,hipi,SMOOTH,Waimaja,,,
hubercolumbian-Waimaja-334_smooth-2,hipioro,SMOOTH,Waimaja,,,
northeuralex-ukr-493_smooth-2,hladenjkij,SMOOTH,Ukrainian,,,
ids-202-15-770-1,hladky,SMOOTH,Czech,,,
northeuralex-ces-493_smooth-1,hlatki,SMOOTH,Czech,,,
northeuralex-slk-493_smooth-1,hlatki,SMOOTH,Slovak,,,
ids-192-15-770-2,hluttar,SMOOTH,Old High German,,,
suntb-XideYi-882_smooth-1,ho33,SMOOTH,Yi (Xide),,,
ids-294-15-770-4,hohow,SMOOTH,Kaingáng,,,
hubercolumbian-Saliba-334_smooth-2,hoiga,SMOOTH,Sáliba,,,
ids-829-15-770-1,hri@pt,SMOOTH,Nyakur,,,
ids-250-15-770-1,hteihteiwa,SMOOTH,Yuwana,,,
wold-MandarinChinese-1039_smooth-1,hua21,SMOOTH,Mandarin Chinese,,,
tryonsolomon-rennell-250_smooth-1,huahuanggau,SMOOTH,Rennell,,,
tryonsolomon-pileni-250_smooth-1,huangongolavoi,SMOOTH,Pileni,,,
hubercolumbian-Guahibo-334_smooth-4,huehneka,SMOOTH,Guahibo,,,
hubercolumbian-Jitnu-334_smooth-1,huehuek,SMOOTH,Jitnu,,,
tryonsolomon-agufi-250_smooth-1,iapekoro,SMOOTH,Agufi,,,
robinsonap-kaera-268_smooth-1,ibayaran,SMOOTH,Kaera,,,
ids-289-15-770-2,ici,SMOOTH,Chiriguano,,,
lexirumah-kaer1234-smooth-1,idujo,SMOOTH,Kaera,,,
lexirumah-teiw1235-nule-smooth-1,idul,SMOOTH,"Teiwa, Nule",,,
robinsonap-kaera-268_smooth-2,iduyo,SMOOTH,Kaera,,,
diacl-65500-149_smooth-1,ijym,SMOOTH,Kamayurá,,,
tryonsolomon-nembao-250_smooth-1,ikilimo,SMOOTH,Nembao,,,
northeuralex-itl-493_smooth-1,ilkhlakh,SMOOTH,Itelmen,,,
hubercolumbian-Achagua-334_smooth-1,imiijai,SMOOTH,Achagua,,,
ids-412-15-770-1,in3,SMOOTH,Nung-Lazhai,,,
tryonsolomon-buma-250_smooth-1,inene,SMOOTH,Buma,,,
hubercolumbian-Kakua-334_smooth-1,iti3di4,SMOOTH,Kakua,,,
hubercolumbian-Achagua-334_smooth-2,ituejii,SMOOTH,Achagua,,,
hubercolumbian-Carapana-334_smooth-2,jabe,SMOOTH,Carapana,,,
hubercolumbian-Carapana-334_smooth-1,jabero,SMOOTH,Carapana,,,
hubercolumbian-Tatuyo-334_smooth-1,jabi,SMOOTH,Tatuyo,,,
ids-186-15-770-2,jaevn,SMOOTH,Danish,,,
northeuralex-mrj-493_smooth-1,jag@lg@,SMOOTH,Hill Mari,,,
northeuralex-mhr-493_smooth-1,jaklaka,SMOOTH,Meadow Mari,,,
ids-187-15-770-2,jamn,SMOOTH,Swedish,,,
marrisonnaga-WrittenTibetan-691_smooth-1,jampa,SMOOTH,Tibetan (Written),,,
ids-710-15-770-1,jampo,SMOOTH,Tibetan,,,
hubercolumbian-Desano-334_smooth-1,japi,SMOOTH,Desano,,,
hubercolumbian-Piratapuyo-334_smooth-1,japi,SMOOTH,Piratapuyo,,,
hubercolumbian-Tucano-334_smooth-1,japi,SMOOTH,Tucano,,,
hubercolumbian-Wanano-334_smooth-1,japi,SMOOTH,Wanano,,,
hubercolumbian-Cubeo-334_smooth-1,jarido,SMOOTH,Cubeo,,,
wold-Qeqchi-1039_smooth-2,jiji,SMOOTH,Q'eqchi',,,
ids-703-15-770-1,jlih,SMOOTH,Khasi,,,
satterthwaitetb-Hani-337_smoothofsurface-1,julluqnei,SMOOTH,Hani,,,
naganorgyalrongic-MaerkangBolarGyalrongA-954_smooth-1,k@22m@22lek22,SMOOTH,rGyalrong (Maerkang Bola (A)),,,
naganorgyalrongic-MaerkangCaodengrGyalrong-886_levelandsmooth-1,k@22n@44mbjo44,SMOOTH,rGyalrong (Maerkang Caodeng (B)),,,
naganorgyalrongic-MaerkangCaodengrGyalrong-954_smooth-1,k@22na44mbw33jo22,SMOOTH,rGyalrong (Maerkang Caodeng (B)),,,
naganorgyalrongic-MaerkangBolarGyalrongA-886_levelandsmooth-1,k@22ntap44,SMOOTH,rGyalrong (Maerkang Bola (A)),,,
naganorgyalrongic-MaerkangBolarGyalrongB-886_levelandsmooth-1,k@22ntap44,SMOOTH,rGyalrong (Maerkang Bola (B)),,,
naganorgyalrongic-MaerkangBolarGyalrongB-954_smooth-1,k@33m@33no44,SMOOTH,rGyalrong (Maerkang Bola (B)),,,
suntb-YongningNaxi-882_smooth-1,ka13,SMOOTH,Naxi (Yongning),,,
suntb-ShuikuiHani-882_smooth-1,ka31,SMOOTH,Hani (Shuikui),,,
suntb-Darang-882_smooth-1,ka31me35a31,SMOOTH,Darang [Taraon],,,
ids-228-15-770-2,kadiyaas,SMOOTH,Tlingit,,,
ids-256-15-770-2,kaipi,SMOOTH,Siona,,,
wold-Bezhta-1039_smooth-1,kakalo,SMOOTH,Bezhta,,,
ids-52-15-770-1,kakalu,SMOOTH,Hunzib,,,
lexirumah-abui1241-ulaga-smooth-1,kala,SMOOTH,"Abui, Ulaga",,,
ids-307-15-770-2,kalip,SMOOTH,Nivaclé,,,
lexirumah-ciac1237-kaong-smooth-1,kamelo,SMOOTH,"Cia-Cia, Kaongkeongkea",,,
ids-294-15-770-2,kamen,SMOOTH,Kaingáng,,,
ids-267-15-770-1,kamimitya,SMOOTH,Waurá,,,
ids-415-15-770-2,kan5kai1,SMOOTH,Sui,,,
ids-294-15-770-3,kanan,SMOOTH,Kaingáng,,,
ids-826-15-770-1,kanan44,SMOOTH,Malieng,,,
lexirumah-ciac1237-lapan-smooth-1,kandolu,SMOOTH,"Cia-Cia, Lapandewa",,,
lexirumah-ciac1237-rongi-smooth-1,kandolu,SMOOTH,"Cia-Cia, Rongi",,,
ids-294-15-770-1,kaner,SMOOTH,Kaingáng,,,
naganorgyalrongic-LixianXuechengrGyalrong-886_levelandsmooth-1,kangtia,SMOOTH,rGyalrong (Lixian Xuecheng Jiamizhai),,,
lexirumah-lamb1273-smooth-2,kanudaha,SMOOTH,Lamboya,,,
marrisonnaga-Liangmai-691_smooth-1,kanuibu,SMOOTH,Liangmai,,,
hubercolumbian-Yucuna-334_smooth-1,kapiluni,SMOOTH,Yucuna,,,
lexirumah-tetu1245-suai-smooth-1,karonak,SMOOTH,"Tetun, Suai",,,
ids-297-15-770-1,karunai,SMOOTH,Ayoreo,,,
ids-297-15-770-2,karunange,SMOOTH,Ayoreo,,,
naganorgyalrongic-MaerkangSomanrGyalrong-886_levelandsmooth-1,kazbazba,SMOOTH,rGyalrong (Maerkang Soman),,,
naganorgyalrongic-GanziDanbarGyalrong-886_levelandsmooth-1,k@bding,SMOOTH,rGyalrong (Ganzi Danba Badi Munashan),,,
marrisonnaga-KhonomaAngami-691_smooth-1,kemeju,SMOOTH,Angami Khonoma,,,
marrisonnaga-KohimaAngami-691_smooth-1,kemeju,SMOOTH,Angami Kohima,,,
lexirumah-lama1277-adona-smooth-1,kemelut,SMOOTH,Adonara Lamaholot,,,
ids-254-15-770-2,kesisi,SMOOTH,Cofán,,,
marrisonnaga-Zeme-691_smooth-1,ketenaibe,SMOOTH,Zeme,,,
hubercolumbian-Curripaco-334_smooth-1,ketidali,SMOOTH,Curripaco,,,
lexirumah-bima1247-smooth-4,ketsu,SMOOTH,Bima,,,
hubercolumbian-Catio-334_smooth-1,khaikhaja,SMOOTH,Catío,,,
hubercolumbian-EmberaChami-334_smooth-1,khakhaja,SMOOTH,Embera Chamí,,,
hubercolumbian-EmberaTado-334_smooth-1,khakhaja,SMOOTH,Embera Tadó,,,
hubercolumbian-EpenaBasurudo-334_smooth-1,khakhajaa,SMOOTH,Epena Basurudó,,,
hubercolumbian-EpenaSaija-334_smooth-1,khakhajaa,SMOOTH,Epena Saija,,,
ids-248-15-770-1,khakhayaa,SMOOTH,Epena,,,
northeuralex-heb-493_smooth-1,khalak,SMOOTH,Modern Hebrew,,,
marrisonnaga-Tangkhul-691_smooth-1,khanganai,SMOOTH,Tangkhul,,,
suntb-TaopingQiang-882_smooth-1,khdzr33dzr31,SMOOTH,Qiang (Taoping),,,
ids-55-15-770-1,khierenav,SMOOTH,Tsez (Sagada dialect),,,
satterthwaitetb-Nusu-337_smoothofsurface-1,khja,SMOOTH,Nusu,,,
suntb-WrittenBurmese-882_smooth-1,khjo3,SMOOTH,Burmese (Written),,,
ids-803-15-770-1,khlet55,SMOOTH,Bulang-3,,,
ids-805-15-770-1,khliet31,SMOOTH,Xu,,,
diacl-45000-149_smooth-1,khovlo,SMOOTH,Romani (Bugurdži),,,
marrisonnaga-WrittenBurmese-691_smooth-1,khyo,SMOOTH,Burmese (Written),,,
lexirumah-blag1240-warsa-smooth-2,ki,SMOOTH,"Blagar, Warsalelang",,,
ids-33-15-770-1,kiabadabe,SMOOTH,Akhvakh (Northern dialect),,,
ids-160-15-770-1,kiakialo,SMOOTH,Bezhta,,,
ids-517-15-770-1,kiakialo,SMOOTH,Bezhta (Khasharkhota dialect),,,
ids-531-15-770-1,kiakialo,SMOOTH,"Bezhta (Tlyadal dialect, Karauzek subdialect)",,,
ids-33-15-770-2,kiedabe,SMOOTH,Akhvakh (Northern dialect),,,
tls-Mambaunn-1247_smooth-1,kirendekeri,SMOOTH,Mamba.unn,,,
wold-Gurindji-1039_smooth-1,kirinykiriny,SMOOTH,Gurindji,,,
ids-421-15-770-1,kit7,SMOOTH,Hlai (Baoting variety),,,
tls-Kaheunn-1247_smooth-1,kiunje,SMOOTH,Kahe.unn,,,
ids-307-15-770-3,klamamsi,SMOOTH,Nivaclé,,,
suntb-Trung-882_smooth-1,klat55klan55,SMOOTH,Trung [Dulong],,,
ids-307-15-770-1,klate,SMOOTH,Nivaclé,,,
ids-819-15-770-1,klen31,SMOOTH,LiHa,,,
lexirumah-alor1247-kecil-smooth-1,klila,SMOOTH,"Alorese, Kecil",,,
ids-815-15-770-1,kl@n33,SMOOTH,Cuoi,,,
lexirumah-lama1277-lewoi-smooth-1,k@loho,SMOOTH,"Ile Mandiri Lamaholot, Lewoingu",,,
naganorgyalrongic-LixianXuechengrGyalrong-954_smooth-1,k@m@c@r,SMOOTH,rGyalrong (Lixian Xuecheng Jiamizhai),,,
lexirumah-lama1277-lerek-smooth-2,k@melk@mel,SMOOTH,"Painara, Lerek",,,
lexirumah-lama1277-lerek-smooth-1,k@melut@n,SMOOTH,"Painara, Lerek",,,
diacl-56000-149_smooth-1,kodel,SMOOTH,Xokleng,,,
ids-417-15-770-1,kong1,SMOOTH,Mulam,,,
ids-418-15-770-1,kong4kan1,SMOOTH,Chadong,,,
hubercolumbian-Guahibo-334_smooth-2,konihai,SMOOTH,Guahibo,,,
wold-Sakha-1039_smooth-2,kono,SMOOTH,Sakha,,,
ids-287-15-770-1,korop,SMOOTH,Mundurukú,,,
hubercolumbian-Secoya-334_smooth-1,kosihaiko,SMOOTH,Secoya,,,
ids-212-15-770-1,kovlo,SMOOTH,Romani,,,
suntb-Jinuo-882_smooth-1,kra55,SMOOTH,Jinuo,,,
naganorgyalrongic-MaerkangSomanrGyalrong-954_smooth-1,k@sandzo,SMOOTH,rGyalrong (Maerkang Soman),,,
northeuralex-cmn-493_smooth-1,kuangxua,SMOOTH,Mandarin Chinese,,,
ids-269-15-770-1,kuna,SMOOTH,Aymara,,,
marrisonnaga-YogliTangsa-691_smooth-1,kura,SMOOTH,Tangsa (Yogli),,,
ids-315-15-770-1,kutalu,SMOOTH,Yagán,,,
ids-223-15-770-1,kuti,SMOOTH,Chatino (Zacatepec variety),,,
ids-276-15-770-1,kwapikwapi,SMOOTH,Tacana,,,
suntb-MaerkangrGyalrong-882_smooth-1,k@wjo,SMOOTH,rGyalrong,,,
northeuralex-sah-493_smooth-1,kwlakaj,SMOOTH,Sakha,,,
ids-226-15-770-1,kyalolo,SMOOTH,Zuni,,,
tls-Lemaunn-1247_smooth-1,kyirendekyeri,SMOOTH,Lema.unn,,,
hubercolumbian-Paez-334_smooth-1,labj,SMOOTH,Páez,,,
ids-244-15-770-1,laby,SMOOTH,Páez,,,
ids-319-15-770-1,laegz,SMOOTH,Ossetic,,,
ids-164-15-770-1,lagianil,SMOOTH,Dargwa (Muiri dialect),,,
wold-Swahili-1039_smooth-1,laini,SMOOTH,Swahili,,,
hubercolumbian-TsafiquiPila-334_smooth-1,lajun,SMOOTH,Tsafiqui Pila,,,
suntb-MawoQiang-882_smooth-1,lala,SMOOTH,Qiang (Mawo),,,
ids-35-15-770-1,lamidub,SMOOTH,Bagvalal,,,
ids-29-15-770-2,lamrab,SMOOTH,Avar (Antsukh dialect),,,
lexirumah-waer1237-smooth-1,lamu,SMOOTH,Waerana,,,
wold-Thai-1039_smooth-1,lamun,SMOOTH,Thai,,,
lexirumah-kala1394-smooth-1,laro,SMOOTH,Kalao,,,
northeuralex-sjd-493_smooth-1,latjec,SMOOTH,Kildin Sami,,,
northeuralex-sms-493_smooth-1,latjes,SMOOTH,Skolt Sami,,,
ids-416-15-770-1,lau1,SMOOTH,Maonan,,,
ids-413-15-770-2,lau2,SMOOTH,Nung-Ninbei,,,
tryonsolomon-ndovele-250_smooth-1,launjinji,SMOOTH,Ndovele,,,
ids-220-15-770-3,laushi,SMOOTH,Hausa,,,
ids-246-15-770-1,layu,SMOOTH,Colorado,,,
suntb-BlackLahu-882_smooth-1,le54,SMOOTH,Lahu (Black),,,
suntb-Xumi-882_smooth-1,le55to33ji55,SMOOTH,Xumi,,,
ids-67-15-770-1,lechivuv,SMOOTH,Tabasaran (Northern dialect Khanag subdialect),,,
ids-305-15-770-1,leeme,SMOOTH,Maca,,,
ids-167-15-770-1,leios,SMOOTH,Ancient Greek ,,,
tryonsolomon-tikopia-250_smooth-1,lemolemo,SMOOTH,Tikopia,,,
ids-219-15-770-1,len,SMOOTH,Basque,,,
ids-804-15-770-1,len35,SMOOTH,Keme (Kemie variety),,,
logos-Romagnolstd-395_smooth-1,less,SMOOTH,Romagnol-std,,,
northeuralex-eus-493_smooth-1,leun,SMOOTH,Basque,,,
tryonsolomon-mbilua-250_smooth-1,levilevl,SMOOTH,Mbilua,,,
ids-169-15-770-1,levis,SMOOTH,Latin,,,
logos-Latinstd-395_smooth-1,levis,SMOOTH,Latin-std,,,
northeuralex-bre-493_smooth-2,levn,SMOOTH,Breton,,,
northeuralex-lat-493_smooth-1,lewis,SMOOTH,Latin,,,
ids-503-15-770-1,liagumze,SMOOTH,Dargwa (Chirag dialect),,,
ids-30-15-770-1,liamrab,SMOOTH,Avar (Zakataly dialect),,,
ids-820-15-770-1,lian42,SMOOTH,Phong,,,
ids-402-15-770-1,liap4,SMOOTH,Southern Tai (Songkhla variety),,,
ids-404-15-770-1,liap4,SMOOTH,Khamuang (Chiang Mai variety),,,
wold-ZinacantanTzotzil-1039_smooth-2,lichich,SMOOTH,Zinacantán Tzotzil,,,
diacl-22200-149_smooth-1,licin,SMOOTH,Indonesian,,,
wold-Indonesian-1039_smooth-2,licin,SMOOTH,Indonesian,,,
ids-60-15-770-1,ligiankai,SMOOTH,Dargwa (Khajdak dialect),,,
ids-304-15-770-1,liixi,SMOOTH,Chorote,,,
lexirumah-rong1269-smooth-3,lila,SMOOTH,Rongga,,,
ids-34-15-770-1,limedab,SMOOTH,Akhvakh (Southern dialect),,,
ids-422-15-770-1,lin24,SMOOTH,Langja Buyang,,,
ids-412-15-770-2,lin5,SMOOTH,Nung-Lazhai,,,
halenepal-Magar-1676_smooth-1,lingke,SMOOTH,Magar,,,
northeuralex-ron-493_smooth-1,lins,SMOOTH,Romanian,,,
northeuralex-bre-493_smooth-1,lint,SMOOTH,Breton,,,
wold-Saramaccan-1039_smooth-1,linzo,SMOOTH,Saramaccan,,,
ids-168-15-770-1,lios,SMOOTH,Modern Greek,,,
northeuralex-ell-493_smooth-1,lios,SMOOTH,Modern Greek,,,
northeuralex-fra-493_smooth-2,lis,SMOOTH,French,,,
ids-170-15-770-1,liscio,SMOOTH,Italian,,,
ids-176-15-770-2,liso,SMOOTH,Spanish,,,
ids-178-15-770-1,liso,SMOOTH,Portuguese,,,
logos-Galicianstd-395_smooth-1,liso,SMOOTH,Galician-std,,,
northeuralex-ita-493_smooth-1,liso,SMOOTH,Italian,,,
northeuralex-spa-493_smooth-1,liso,SMOOTH,Spanish,,,
hubercolumbian-Totoro-334_smooth-1,lisokitan,SMOOTH,Totoró,,,
ids-171-15-770-1,lisse,SMOOTH,French,,,
northeuralex-por-493_smooth-1,lisu,SMOOTH,Portuguese,,,
lexirumah-kara1499-smooth-1,litsing,SMOOTH,Kalamang,,,
ids-511-15-770-2,liugiiuntsi,SMOOTH,Dargwa (Sirkhi dialect),,,
northeuralex-cym-493_smooth-1,livn,SMOOTH,Welsh,,,
ids-143-15-770-1,livttis,SMOOTH,Northern Saami,,,
northeuralex-pes-493_smooth-1,liz,SMOOTH,Western Farsi,,,
ids-419-15-770-1,ljan55,SMOOTH,Southern Kam,,,
hubercolumbian-Inga-334_smooth-1,ljutska,SMOOTH,Inga,,,
ids-177-15-770-1,llis,SMOOTH,Catalan,,,
ids-182-15-770-1,llyfn,SMOOTH,Welsh,,,
ids-405-15-770-1,l@m3,SMOOTH,Dehong,,,
ids-407-15-770-1,l@m3,SMOOTH,Tai Lü,,,
ids-410-15-770-1,l@m4,SMOOTH,Shan (Northern Shan dialect),,,
ids-808-15-770-1,l@m55,SMOOTH,Rumai,,,
ids-414-15-770-1,l@n5,SMOOTH,Zhuang-Longzhou,,,
ids-414-15-770-2,l@n5lak7,SMOOTH,Zhuang-Longzhou,,,
marrisonnaga-Chang-691_smooth-1,loklokbu,SMOOTH,Chang,,,
ids-513-15-770-1,loonase,SMOOTH,Dargwa (Tsudakhar dialect),,,
northeuralex-oss-493_smooth-1,l@rz,SMOOTH,Ossetian,,,
ids-810-15-770-1,l@tmat,SMOOTH,Pusing,,,
ids-411-15-770-1,luam3,SMOOTH,Nung-Fengshan,,,
ids-512-15-770-1,lugianse,SMOOTH,"Dargwa (Tsudakhar dialect, Tanty subdialect)",,,
ids-514-15-770-1,lugiiana,SMOOTH,Dargwa (Urakhi dialect),,,
ids-510-15-770-1,lugiianil,SMOOTH,Dargwa (Mugi dialect),,,
ids-505-15-770-1,lugiianse,SMOOTH,Dargwa (Gapshima dialect),,,
ids-57-15-770-2,lugiiansi,SMOOTH,Dargwa,,,
ids-504-15-770-1,lugiianze,SMOOTH,Dargwa (Gapshima Shukti dialect),,,
ids-511-15-770-1,luguntsi,SMOOTH,Dargwa (Sirkhi dialect),,,
ids-59-15-770-1,lugunzib,SMOOTH,Dargwa (Kubachi dialect),,,
ids-424-15-770-1,lui35,SMOOTH,Sanchong Kelao,,,
lexirumah-maka1316-smooth-2,lumeke,SMOOTH,Makasae,,,
lexirumah-waim1252-smooth-1,luo,SMOOTH,Waima'a,,,
lexirumah-dobe1238-smooth-1,luraj,SMOOTH,Dobel,,,
ids-270-15-770-1,lyanu,SMOOTH,Chipaya,,,
ids-196-15-770-1,lygus,SMOOTH,Lithuanian,,,
ids-236-15-770-1,maaeneene,SMOOTH,Maori,,,
lexirumah-kala1394-smooth-3,maalu,SMOOTH,Kalao,,,
lexirumah-kala1394-lambe-smooth-1,maalu,SMOOTH,"Kalao, Lambego",,,
tryonsolomon-malagheti-250_smooth-1,macamaca,SMOOTH,Malagheti,,,
tryonsolomon-moli-250_smooth-1,macamaca,SMOOTH,Moli,,,
tryonsolomon-talise-250_smooth-1,macamaca,SMOOTH,Talise,,,
tryonsolomon-tolo-250_smooth-1,macamaca,SMOOTH,Tolo,,,
ids-178-15-770-2,macio,SMOOTH,Portuguese,,,
marrisonnaga-Maram-691_smooth-1,madive,SMOOTH,Maram,,,
lexirumah-koto1251-smooth-1,maeki,SMOOTH,Kotos Amarasi,,,
tryonsolomon-kwai-250_smooth-1,maemaea,SMOOTH,Kwai,,,
tryonsolomon-waladelaus-250_smooth-1,maemaea,SMOOTH,Walade (LauS),,,
tryonsolomon-marau-250_smooth-1,maemaekoa,SMOOTH,Marau,,,
tryonsolomon-poleo-250_smooth-1,magambo,SMOOTH,Poleo,,,
lexirumah-tiii1241-smooth-1,magatusi,SMOOTH,Tii,,,
lexirumah-wabu1242-smooth-1,mahindolo,SMOOTH,"Cia-Cia, Wabula",,,
wold-Hausa-1039_smooth-1,maisantsii,SMOOTH,Hausa,,,
hubercolumbian-Tariano-334_smooth-1,makapitshinha,SMOOTH,Tariano,,,
tryonsolomon-poro-250_smooth-1,malaji,SMOOTH,Poro,,,
wold-Malagasy-1039_smooth-1,malama,SMOOTH,Malagasy,,,
lexirumah-wotu1240-smooth-1,malanni,SMOOTH,Wotu,,,
lexirumah-kala1394-smooth-2,malaro,SMOOTH,Kalao,,,
lexirumah-nucl1577-smooth-1,malaromaalusu,SMOOTH,Laiyolo,,,
tryonsolomon-nanggu-250_smooth-1,malilo,SMOOTH,Nanggu,,,
ids-235-15-770-1,malino,SMOOTH,Hawaiian,,,
lexirumah-alor1247-beaon-smooth-1,malok,SMOOTH,"Alorese, Beaong Onong",,,
lexirumah-ciac1237-gunun-smooth-1,malu,SMOOTH,"Cia-Cia, Gunung Sejuk",,,
tryonsolomon-kia-250_smooth-1,mamalahu,SMOOTH,Kia,,,
tryonsolomon-areare1-250_smooth-1,mamanaa,SMOOTH,'Are'are (1),,,
tryonsolomon-oroha-250_smooth-1,mamanaa,SMOOTH,Oroha,,,
tryonsolomon-malango-250_smooth-1,mamanja,SMOOTH,Malango,,,
tryonsolomon-kahua-250_smooth-1,mamao,SMOOTH,Kahua,,,
tryonsolomon-mami-250_smooth-1,mamao,SMOOTH,Mami,,,
tryonsolomon-santaana-250_smooth-1,mamaoga,SMOOTH,Santa Ana,,,
tryonsolomon-ukinimasi-250_smooth-1,mamawalita,SMOOTH,Uki Ni Masi,,,
tryonsolomon-lengo-250_smooth-1,mambo,SMOOTH,Lengo,,,
tryonsolomon-nggela-250_smooth-1,mambo,SMOOTH,Nggela,,,
tryonsolomon-savosavo-250_smooth-1,mambo,SMOOTH,Savosavo,,,
ids-407-15-770-2,man2,SMOOTH,Tai Lü,,,
tryonsolomon-nggela-250_smooth-2,mandalo,SMOOTH,Nggela,,,
tryonsolomon-tandai-250_smooth-1,mandao,SMOOTH,Tandai,,,
tryonsolomon-mbirao-250_smooth-1,manjamanja,SMOOTH,Mbirao,,,
tryonsolomon-saa1-250_smooth-1,manomanolea,SMOOTH,Sa'a (1),,,
lexirumah-kama1364-b-smooth-1,mararo,SMOOTH,Kamaru 2,,,
lexirumah-woli1241-smooth-1,mararo,SMOOTH,Wolio,,,
wold-SeychellesCreole-1039_smooth-1,marbre,SMOOTH,Seychelles Creole,,,
ids-239-15-770-1,marmarori,SMOOTH,Rotuman,,,
lexirumah-koto1251-smooth-2,maseki,SMOOTH,Kotos Amarasi,,,
lexirumah-rois1241-smooth-1,maskeri,SMOOTH,Ro'is Amarasi,,,
northeuralex-ess-493_smooth-1,matigniqixnaq,SMOOTH,Central Siberian Yupik,,,
marrisonnaga-Puiron-691_smooth-1,matyengnu,SMOOTH,Puiron,,,
diacl-59500-149_smooth-1,mayun,SMOOTH,Kashinawá,,,
diacl-45200-149_smooth-1,mazno,SMOOTH,Romani (Kosovo Arli),,,
suntb-DanbaErgong-882_smooth-1,mblambla,SMOOTH,Ergong (Danba),,,
lexirumah-hata1243-smooth-1,mblus,SMOOTH,Hatam,,,
suntb-NanhuaYi-882_smooth-1,me21the55,SMOOTH,Yi (Nanhua),,,
hubercolumbian-Bora-334_smooth-2,meebane,SMOOTH,Bora,,,
lexirumah-bino1238-smooth-1,mehu,SMOOTH,"Tukang Besi, Binongko",,,
northeuralex-bua-493_smooth-1,meliger,SMOOTH,Buryat,,,
lexirumah-bone1254-kalao-smooth-2,melo,SMOOTH,"Bonerate, Kalaotoa",,,
tryonsolomon-avaso-250_smooth-1,meloto,SMOOTH,Avasö,,,
tryonsolomon-katazi-250_smooth-1,meloto,SMOOTH,Katazi,,,
tryonsolomon-vaghua-250_smooth-1,meloto,SMOOTH,Vaghua,,,
northeuralex-bua-493_smooth-2,melseger,SMOOTH,Buryat,,,
lexirumah-alor1247-helan-smooth-1,melu,SMOOTH,"Alorese, Helandohi",,,
lexirumah-alor1247-maric-smooth-1,melu,SMOOTH,"Alorese, Marica",,,
lexirumah-keda1252-leuba-smooth-1,melu,SMOOTH,"Kedang, Leubatang",,,
lexirumah-alor1247-bana-smooth-1,meluk,SMOOTH,"Alorese, Bana",,,
lexirumah-alor1247-baran-YS-smooth-1,meluk,SMOOTH,"Alorese, Baranusa",,,
lexirumah-alor1247-munas-smooth-1,meluk,SMOOTH,"Alorese, Munaseli",,,
lexirumah-alor1247-pandai-smooth-1,meluk,SMOOTH,"Alorese, Pandai",,,
lexirumah-alor1247-waila-smooth-1,meluk,SMOOTH,"Alorese, Wailawar",,,
lexirumah-sika1262-hewa-smooth-1,melur,SMOOTH,"Sika, Hewa",,,
lexirumah-sika1262-tanai-smooth-2,melur,SMOOTH,"Sika, Tana Ai",,,
tryonsolomon-reefs-250_smooth-1,mema,SMOOTH,Reefs,,,
tryonsolomon-hoava-250_smooth-1,memehe,SMOOTH,Hoava,,,
tryonsolomon-kusaghe-250_smooth-1,memehe,SMOOTH,Kusaghe,,,
tryonsolomon-marovo-250_smooth-1,memehe,SMOOTH,Marovo,,,
tryonsolomon-mbareke-250_smooth-1,memehe,SMOOTH,Mbareke,,,
tryonsolomon-nduke-250_smooth-1,memehe,SMOOTH,Nduke,,,
tryonsolomon-roviana-250_smooth-1,memehe,SMOOTH,Roviana,,,
tryonsolomon-simbo-250_smooth-1,memehe,SMOOTH,Simbo,,,
tryonsolomon-ughele-250_smooth-1,memehe,SMOOTH,Ughele,,,
tryonsolomon-vangunu-250_smooth-1,memehe,SMOOTH,Vangunu,,,
lexirumah-alor1247-pandai-smooth-2,memeng,SMOOTH,"Alorese, Pandai",,,
hantganbangime-Bangime-241_smooth-1,merumeru,SMOOTH,Bangime,,,
ids-809-15-770-1,mial,SMOOTH,Prai,,,
ids-809-15-770-2,mial,SMOOTH,Prai,,,
ids-266-15-770-1,midudau,SMOOTH,Wapishana,,,
hubercolumbian-Guambiano-334_smooth-1,mil,SMOOTH,Guambiano,,,
lexirumah-rong1269-smooth-2,milu,SMOOTH,Rongga,,,
ids-180-15-770-2,min,SMOOTH,Old Irish,,,
ids-181-15-770-2,min,SMOOTH,Irish,,,
ids-410-15-770-2,min4,SMOOTH,Shan (Northern Shan dialect),,,
lexirumah-tiay1238-smooth-1,minak,SMOOTH,Tiyei,,,
lexirumah-abui1241-papun-smooth-1,minaka,SMOOTH,Papuna,,,
lexirumah-sibo1242-smooth-1,minaka,SMOOTH,Suboo,,,
northeuralex-mal-493_smooth-1,minusamula,SMOOTH,Malayalam,,,
tryonsolomon-ririo-250_smooth-1,mioloto,SMOOTH,Ririo,,,
northeuralex-gle-493_smooth-1,mjinj,SMOOTH,Irish,,,
lexirumah-mamb1306-Slete-smooth-1,mlai,SMOOTH,"South Mambae, Letefoho",,,
lexirumah-bara1372-smooth-1,m@laromaalusu,SMOOTH,"Laiyolo, Barang-Barang",,,
tryonsolomon-lwepe-250_smooth-1,mlpd,SMOOTH,Lwepe,,,
tryonsolomon-malo-250_smooth-1,mlpd,SMOOTH,Malo,,,
tryonsolomon-malo-250_smooth-2,mnep,SMOOTH,Malo,,,
ids-406-15-770-1,m@ng31leai44,SMOOTH,Jinsha Dai,,,
naganorgyalrongic-MaerkangJaphugrGyalrong-954_smooth-1,mnu,SMOOTH,rGyalrong (Maerkang Japhug Shaerzong (B)),,,
northeuralex-ykg-493_smooth-1,mojem,SMOOTH,Northern Yukaghir,,,
lexirumah-dhao1237-smooth-1,molamola,SMOOTH,Dhao,,,
ids-701-15-770-1,molayema,SMOOTH,Bengali,,,
tryonsolomon-ontongjava-250_smooth-1,mole,SMOOTH,Ontong Java,,,
tryonsolomon-sikaiana-250_smooth-1,mole,SMOOTH,Sikaiana,,,
tryonsolomon-samasodu-250_smooth-1,mololo,SMOOTH,Samasodu,,,
lexirumah-kuli1254-smooth-1,molori,SMOOTH,Kulisusu,,,
ids-139-15-770-2,molyid,SMOOTH,Komi,,,
ids-273-15-770-1,momiya,SMOOTH,Cavineña,,,
tryonsolomon-rawo-250_smooth-1,momoreaga,SMOOTH,Rawo,,,
tryonsolomon-samasodu-250_smooth-2,momoto,SMOOTH,Samasodu,,,
lexirumah-buso1238-smooth-1,mondeli,SMOOTH,Busoa,,,
lexirumah-kaim1241-smooth-1,mondeli,SMOOTH,Kaimbulawa,,,
lexirumah-masi1269-smooth-2,mondeli,SMOOTH,"Cia-Cia, Masiri",,,
lexirumah-ciac1237-pasar-smooth-1,mondolo,SMOOTH,"Cia-Cia, Pasarwajo",,,
lexirumah-ciac1237-bahar-smooth-1,mondolu,SMOOTH,"Cia-Cia, Bahari",,,
lexirumah-ciac1237-bola-smooth-1,mondolu,SMOOTH,"Cia-Cia, Bola",,,
lexirumah-ciac1237-mambu-smooth-1,mondolu,SMOOTH,"Cia-Cia, Mambulu",,,
lexirumah-kumb1274-wakol-smooth-1,mondolu,SMOOTH,Wakole,,,
lexirumah-wabu1242-smooth-2,mondolu,SMOOTH,"Cia-Cia, Wabula",,,
lexirumah-wali1265-smooth-1,mondolu,SMOOTH,"Cia-Cia, Wali",,,
hubercolumbian-Muinane-334_smooth-2,moobano,SMOOTH,Muinane,,,
ids-261-15-770-1,mori,SMOOTH,Baure,,,
northeuralex-ben-493_smooth-1,mosrin,SMOOTH,Bengali,,,
tryonsolomon-kia-250_smooth-2,motongo,SMOOTH,Kia,,,
wold-Iraqw-1039_smooth-1,motsotsooq,SMOOTH,Iraqw,,,
northeuralex-kpv-493_smooth-2,moyid,SMOOTH,Komi-Zyrian,,,
naganorgyalrongic-MaerkangJaphugrGyalrong-886_levelandsmooth-1,mpcu,SMOOTH,rGyalrong (Maerkang Japhug Shaerzong (B)),,,
lexirumah-bima1247-smooth-1,mpida,SMOOTH,Bima,,,
ids-709-15-770-4,mrduwu,SMOOTH,Telugu,,,
ids-215-15-770-3,mrik,SMOOTH,Ancient Aramaic,,,
lexirumah-weta1243-smooth-1,mtekra,SMOOTH,Wetan,,,
marrisonnaga-Sema-691_smooth-1,muduni,SMOOTH,Sema,,,
lexirumah-taki1249-smooth-1,muhaindolu,SMOOTH,"Cia-Cia, Takimpo",,,
ids-221-15-770-1,mul,SMOOTH,Polci,,,
ids-707-15-770-1,mulayama,SMOOTH,Punjabi,,,
wold-Indonesian-1039_smooth-3,mulus,SMOOTH,Indonesian,,,
lexirumah-batu1258-smooth-1,mumur,SMOOTH,Batuley,,,
lexirumah-ciac1237-bangu-smooth-1,mundeli,SMOOTH,"Cia-Cia, Bangun",,,
lexirumah-bura1274-smooth-2,mundolu,SMOOTH,"Cia-Cia, Burangasi",,,
lexirumah-blag1240-warsa-smooth-3,musi,SMOOTH,"Blagar, Warsalelang",,,
tryonsolomon-vano-250_smooth-1,mutnwoli,SMOOTH,Vano,,,
wold-Gawwada-1039_smooth-1,muturtura,SMOOTH,Gawwada,,,
tryonsolomon-tawaroga-250_smooth-1,mwanoenoe,SMOOTH,Tawaroga,,,
marrisonnaga-Lotha-691_smooth-2,myana,SMOOTH,Lotha,,,
suntb-Muya-882_smooth-1,na55na55,SMOOTH,Muya [Minyak],,,
northeuralex-arb-493_smooth-1,naim,SMOOTH,Standard Arabic,,,
lexirumah-dadu1237-smooth-1,nakmusik,SMOOTH,Dadu'a,,,
marrisonnaga-Manipuri-691_smooth-1,nalba,SMOOTH,Manipuri,,,
northeuralex-sma-493_smooth-1,nalhkedihks,SMOOTH,Southern Sami,,,
northeuralex-sme-493_smooth-1,nalkas,SMOOTH,Northern Sami,,,
ids-301-15-770-1,naloohta,SMOOTH,Mocoví,,,
wold-Japanese-1039_smooth-1,nameraka,SMOOTH,Japanese,,,
northeuralex-jpn-493_smooth-1,namerakana,SMOOTH,Japanese,,,
northeuralex-evn-493_smooth-2,naptakan,SMOOTH,Evenki,,,
northeuralex-evn-493_smooth-1,naptama,SMOOTH,Evenki,,,
ids-229-15-770-1,nayelk,SMOOTH,Tsimshian,,,
tryonsolomon-tunoe-250_smooth-1,ndalo,SMOOTH,Tunöe,,,
tryonsolomon-kwaio-250_smooth-1,ndanda,SMOOTH,Kwaio,,,
lexirumah-ciac1237-karya-smooth-2,ndolu,SMOOTH,"Cia-Cia, Karya Baru",,,
lexirumah-ciac1237-liwum-smooth-1,ndolu,SMOOTH,"Cia-Cia, Liwumpacu",,,
lexirumah-ciac1237-wagol-smooth-1,ndolu,SMOOTH,"Cia-Cia, Wagola",,,
tryonsolomon-mbaengguu-250_smooth-1,ndondoloa,SMOOTH,Mbaengguu,,,
tryonsolomon-toambaita-250_smooth-1,ndondoloa,SMOOTH,To'ambaita,,,
satterthwaitetb-Naxi-337_smoothofsurface-1,ndyjo,SMOOTH,Naxi,,,
suntb-Guiqiong-882_smooth-1,ndzo33ma55la55,SMOOTH,Guiqiong,,,
suntb-Namuyi-882_smooth-1,ndzr55le33se53,SMOOTH,Namuyi,,,
marrisonnaga-Mikir-691_smooth-1,nei,SMOOTH,Mikir,,,
lexirumah-rong1269-smooth-1,nene,SMOOTH,Rongga,,,
ids-179-15-770-1,neted,SMOOTH,Romanian,,,
wold-Romanian-1039_smooth-1,neted,SMOOTH,Romanian,,,
diacl-45600-149_smooth-1,netedo,SMOOTH,Romani (Ursari),,,
lexirumah-bima1247-smooth-2,ngame,SMOOTH,Bima,,,
ids-413-15-770-1,ngau2,SMOOTH,Nung-Ninbei,,,
lexirumah-keoo1238-smooth-1,ngedu,SMOOTH,"Keo, Udiworowatu",,,
lexirumah-nage1237-smooth-1,ngedu,SMOOTH,"Nage, East",,,
lexirumah-lioo1240-smooth-2,ngelu,SMOOTH,Lio,,,
lexirumah-ngad1267-smooth-1,ngelu,SMOOTH,Ngadha,,,
lexirumah-soaa1237-smooth-1,ngelu,SMOOTH,So'a,,,
lexirumah-ende1246-smooth-1,ngeru,SMOOTH,Ende,,,
lexirumah-ngao1245-oja-smooth-1,ngeyu,SMOOTH,"Nga'o, Oja",,,
lexirumah-ngao1245-watum-smooth-1,ngeyu,SMOOTH,"Nga'o, Watumite",,,
tryonsolomon-avaso-250_smooth-2,nggolama,SMOOTH,Avasö,,,
tryonsolomon-lomaumbi-250_smooth-1,nggolama,SMOOTH,Lömaumbi,,,
tryonsolomon-sengga-250_smooth-1,nggolama,SMOOTH,Sengga,,,
tryonsolomon-ghone-250_smooth-2,nggulama,SMOOTH,Ghone,,,
tryonsolomon-mbambatana-250_smooth-1,nggulama,SMOOTH,Mbambatana,,,
tls-Kiseriunn-1247_smooth-1,ngitenderi,SMOOTH,Kiseri.unn,,,
wold-Vietnamese-1039_smooth-1,nhan,SMOOTH,Vietnamese,,,
northeuralex-yux-493_smooth-1,nidzilo,SMOOTH,Southern Yukaghir,,,
ids-81-15-770-1,nikhinikhiurab,SMOOTH,Avar (Kusur dialect),,,
ids-69-15-770-2,nikiaz,SMOOTH,Khinalug,,,
northeuralex-mnc-493_smooth-1,nilukhan,SMOOTH,Manchu,,,
sohartmannchin-Daai-213_smooth-1,nip,SMOOTH,Daai,,,
sohartmannchin-Ngmuun-213_smooth-1,nip,SMOOTH,Ngmüün,,,
sohartmannchin-Nyhmoye-213_smooth-1,nip,SMOOTH,Nyhmoye,,,
ids-533-15-770-1,nipsih,SMOOTH,Tsova-Tush,,,
lexirumah-bima1247-smooth-3,niu,SMOOTH,Bima,,,
northeuralex-kan-493_smooth-1,n@ja,SMOOTH,Kannada,,,
northeuralex-smj-493_smooth-1,njalkas,SMOOTH,Lule Sami,,,
northeuralex-gld-493_smooth-1,n@j@n,SMOOTH,Nanai,,,
wold-KildinSaami-1039_smooth-1,njollkes,SMOOTH,Kildin Saami,,,
lexirumah-sawa1247-smooth-1,nmenenes,SMOOTH,Sawai,,,
northeuralex-nio-493_smooth-1,n@m@g@,SMOOTH,Nganasan,,,
lexirumah-nucl1574-boneg-smooth-2,noalusu,SMOOTH,"Kioko, Bonegunu",,,
ids-276-15-770-2,nocada,SMOOTH,Tacana,,,
lexirumah-kamb1300-smooth-1,nomolangi,SMOOTH,Kambowa,,,
lexirumah-nucl1574-boneg-smooth-1,nomondeli,SMOOTH,"Kioko, Bonegunu",,,
northeuralex-sjd-493_smooth-2,noykec,SMOOTH,Kildin Sami,,,
northeuralex-ckt-493_smooth-1,n@p@lg@tr@qen,SMOOTH,Chukchi,,,
suntb-CaiyuanHani-882_smooth-1,nu33ka31,SMOOTH,Hani (Caiyuan),,,
ids-807-15-770-1,nua,SMOOTH,Wa,,,
hantganbangime-Bambara-241_smooth-1,nugu,SMOOTH,Bambara,,,
suntb-MamaTshona-882_smooth-1,num55tshir55,SMOOTH,Tshona (Mama),,,
ids-709-15-770-3,nunna,SMOOTH,Telugu,,,
northeuralex-tel-493_smooth-1,nunni,SMOOTH,Telugu,,,
ids-709-15-770-1,nunu,SMOOTH,Telugu,,,
ids-709-15-770-2,nunupu,SMOOTH,Telugu,,,
ids-151-15-770-1,nurkily,SMOOTH,Selkup,,,
northeuralex-sel-493_smooth-1,nurqij,SMOOTH,Northern Selkup,,,
marrisonnaga-Phom-691_smooth-1,nyulukpu,SMOOTH,Phom,,,
suntb-KhamsTibetan-882_smooth-1,o13si53,SMOOTH,Tibetan (Khams:Dege),,,
hubercolumbian-Tanimuca-334_smooth-1,oia,SMOOTH,Tanimuca,,,
northeuralex-yux-493_smooth-2,olkhinme,SMOOTH,Southern Yukaghir,,,
hantganbangime-Toro_Tegu-241_smooth-1,olu,SMOOTH,Toro_Tegu,,,
northeuralex-ell-493_smooth-2,omalos,SMOOTH,Modern Greek,,,
ids-225-15-770-1,omix,SMOOTH,Seri,,,
hantganbangime-Penange-241_smooth-1,onana,SMOOTH,Penange,,,
hantganbangime-Najamba-241_smooth-1,onanaonane,SMOOTH,Najamba,,,
hantganbangime-Mombo-241_smooth-1,onono,SMOOTH,Mombo,,,
hantganbangime-Jamsay-241_smooth-1,onurnu,SMOOTH,Jamsay,,,
hantganbangime-Nanga-241_smooth-1,ori,SMOOTH,Nanga,,,
hantganbangime-Yanda_Dom-241_smooth-1,ornondu,SMOOTH,Yanda_Dom,,,
hantganbangime-Tebul_Ure-241_smooth-1,ornone,SMOOTH,Tebul_Ure,,,
hantganbangime-Togo_Kan-241_smooth-1,ornonono,SMOOTH,Togo_Kan,,,
hantganbangime-Tommo_So-241_smooth-1,oroy,SMOOTH,Tommo_So,,,
hantganbangime-Yorno_So-241_smooth-1,oroy,SMOOTH,Yorno_So,,,
lexirumah-meya1236-smooth-2,orswos,SMOOTH,Meyah,,,
hantganbangime-Bankan_Tey-241_smooth-1,orum,SMOOTH,Bankan_Tey,,,
hantganbangime-Ben_Tey-241_smooth-1,orum,SMOOTH,Ben_Tey,,,
hantganbangime-Perge_Tegu-241_smooth-1,orum,SMOOTH,Perge_Tegu,,,
ids-839-15-770-1,p@31luang51,SMOOTH,Mang Ch,,,
ids-840-15-770-2,pa1luang4,SMOOTH,Mang VN,,,
lexirumah-teiw1235-smooth-1,paharan,SMOOTH,"Teiwa, Lebang",,,
ids-235-15-770-2,pahee,SMOOTH,Hawaiian,,,
wold-Hawaiian-1039_smooth-1,palaha,SMOOTH,Hawaiian,,,
northeuralex-kor-493_smooth-1,pandwlbandwlhan,SMOOTH,Korean,,,
tryonsolomon-ghaimuta-250_smooth-2,panja,SMOOTH,Ghaimuta,,,
ids-309-15-770-1,panus,SMOOTH,Mapudungun,,,
wold-Mapudungun-1039_smooth-1,panush,SMOOTH,Mapudungun,,,
ids-279-15-770-1,para,SMOOTH,Chácobo,,,
hubercolumbian-Muinane-334_smooth-1,parjiikino,SMOOTH,Muinane,,,
ids-135-15-770-1,payli,SMOOTH,Khanty,,,
marrisonnaga-Mikir-691_smooth-2,peklam,SMOOTH,Mikir,,,
ids-272-15-770-1,penapena,SMOOTH,Araona,,,
ids-408-15-770-1,peng1,SMOOTH,Tai Khün,,,
ids-409-15-770-1,peng1kan3,SMOOTH,Shan,,,
halenepal-Kaike-1676_smooth-1,philphilma,SMOOTH,Kaike,,,
hubercolumbian-Bora-334_smooth-1,phirwwkhwne,SMOOTH,Bora,,,
hubercolumbian-Mirana-334_smooth-1,phirwwkhwne,SMOOTH,Miraña,,,
marrisonnaga-Dimasa-691_smooth-1,phlamphlam,SMOOTH,Dimasa,,,
marrisonnaga-Lotha-691_smooth-1,phyephyeto,SMOOTH,Lotha,,,
halenepal-Newar-1676_smooth-2,picugu,SMOOTH,Newar,,,
hubercolumbian-Chimila-334_smooth-1,piiro,SMOOTH,Chimila,,,
halenepal-JirelTibetan-1676_smooth-1,pilpilq,SMOOTH,Tibetan (Jirel),,,
ids-258-15-770-2,pinu,SMOOTH,Aguaruna,,,
lexirumah-dela1252-smooth-1,pipiso,SMOOTH,Dela,,,
halenepal-SahuTamang-1676_smooth-1,plapa,SMOOTH,Tamang (Sahu),,,
lexirumah-sika1262-tanai-smooth-3,plasur,SMOOTH,"Sika, Tana Ai",,,
ids-822-15-770-1,plel24,SMOOTH,Tum,,,
ids-196-15-770-2,plynas,SMOOTH,Lithuanian,,,
sohartmannchin-Khumi-213_smooth-1,p@nai,SMOOTH,Khumi,,,
northeuralex-fra-493_smooth-1,poli,SMOOTH,French,,,
ids-238-15-770-1,pororeko,SMOOTH,Rapa Nui,,,
lexirumah-kais1235-smooth-1,porudamo,SMOOTH,Kais,,,
ids-288-15-770-1,preca,SMOOTH,Aché,,,
marrisonnaga-WrittenBurmese-691_smooth-2,preprac,SMOOTH,Burmese (Written),,,
ids-830-15-770-1,pretliat,SMOOTH,Pear,,,
marrisonnaga-Jingpho-691_smooth-2,pri,SMOOTH,Jingpho,,,
hubercolumbian-Wounaan-334_smooth-1,ptphwr,SMOOTH,Wounaan,,,
suntb-TaobaPumi-882_smooth-1,pza35la55m@53,SMOOTH,Pumi (Taoba),,,
suntb-QinghuaPumi-882_smooth-1,pze55ti55,SMOOTH,Pumi (Qinghua),,,
suntb-Jingpho-882_smooth-1,pzi33,SMOOTH,Jingpho,,,
northeuralex-kal-493_smooth-1,quasak,SMOOTH,Kalaallisut,,,
wold-Qeqchi-1039_smooth-1,qun,SMOOTH,Q'eqchi',,,
marrisonnaga-Jingpho-691_smooth-1,ra,SMOOTH,Jingpho,,,
northeuralex-sqi-493_smooth-1,rafs@t,SMOOTH,Standard Albanian,,,
ids-35-15-770-2,ragadub,SMOOTH,Bagvalal,,,
halenepal-Kham-1676_smooth-1,raho,SMOOTH,Kham,,,
northeuralex-dar-493_smooth-1,ralagsi,SMOOTH,Dargwa,,,
tryonsolomon-alu-250_smooth-1,ranisi,SMOOTH,Alu,,,
tryonsolomon-fauro-250_smooth-1,ranisi,SMOOTH,Fauro,,,
tryonsolomon-mono-250_smooth-1,ranisi,SMOOTH,Mono,,,
northeuralex-ain-493_smooth-1,rarak,SMOOTH,Hokkaido Ainu,,,
diacl-47900-149_smooth-1,ravno,SMOOTH,Romani (Lovara),,,
ids-180-15-770-1,reid,SMOOTH,Old Irish,,,
ids-181-15-770-1,reidh,SMOOTH,Irish,,,
tryonsolomon-anuta-250_smooth-1,remoremo,SMOOTH,Anuta,,,
lexirumah-buna1278-malia-smooth-2,renek,SMOOTH,"Bunak, Maliana",,,
ids-811-15-770-1,ri33mit33,SMOOTH,Paliu,,,
ids-401-15-770-1,riap3,SMOOTH,Central Thai,,,
ids-835-15-770-1,ri@p,SMOOTH,KNB (a Pearic variety),,,
ids-836-15-770-1,ri@p,SMOOTH,Surin Khmer,,,
ids-833-15-770-1,ri@pb,SMOOTH,Samre,,,
ids-832-15-770-1,ri@pe,SMOOTH,Kasong,,,
hubercolumbian-Muinane-334_smooth-3,ririkuno,SMOOTH,Muinane,,,
northeuralex-ukr-493_smooth-1,rjiwnij,SMOOTH,Ukrainian,,,
wold-LowerSorbian-1039_smooth-1,rowny,SMOOTH,Lower Sorbian,,,
lexirumah-abui1241-fuime-smooth-1,rula,SMOOTH,"Abui, Fuimelang",,,
lexirumah-abui1241-takal-smooth-1,rula,SMOOTH,"Abui, Takalelang",,,
lexirumah-abui1241-ulaga-smooth-2,rula,SMOOTH,"Abui, Ulaga",,,
lexirumah-atim1239-smooth-1,rula,SMOOTH,"Abui, Atimelang",,,
robinsonap-abui-268_smooth-1,rula,SMOOTH,Abui,,,
hubercolumbian-WitotoMurui-334_smooth-1,rwhwrede,SMOOTH,Witoto Murui,,,
hubercolumbian-Bora-334_smooth-3,rwthwrwthw,SMOOTH,Bora,,,
hubercolumbian-WitotoMinica-334_smooth-1,rwwrede,SMOOTH,Witoto Mi̵ni̵ca,,,
hubercolumbian-WitotoNipode-334_smooth-1,rwwrede,SMOOTH,Witoto Ni̵pode,,,
ids-403-15-770-1,sa5mg1,SMOOTH,Thai (Korat variety),,,
ids-275-15-770-1,saaama,SMOOTH,Ese Ejja (Huarayo),,,
tryonsolomon-saa2-250_smooth-1,saca,SMOOTH,Sa'a (2),,,
tryonsolomon-blablanga-250_smooth-2,sahlu,SMOOTH,Blablanga,,,
tryonsolomon-ghove-250_smooth-1,sahlu,SMOOTH,Ghove,,,
tryonsolomon-leleghia-250_smooth-1,sahlu,SMOOTH,Leleghia,,,
diacl-44900-149_smooth-1,sajekhalo,SMOOTH,Romani (Arli),,,
northeuralex-kmr-493_smooth-2,sajik,SMOOTH,Northern Kurdish,,,
northeuralex-enf-493_smooth-1,salita,SMOOTH,Forest Enets,,,
northeuralex-yrk-493_smooth-1,salmuj,SMOOTH,Tundra Nenets,,,
ids-148-15-770-1,salmuy,SMOOTH,Nenets,,,
tryonsolomon-dhadhaje-250_smooth-1,salu,SMOOTH,Dhadhaje,,,
tryonsolomon-ghone-250_smooth-1,salutu,SMOOTH,Ghone,,,
ids-314-15-770-1,salyita,SMOOTH,Toba,,,
ids-211-15-770-1,sama,SMOOTH,Sanskrit,,,
ids-825-15-770-1,sang13,SMOOTH,Kha Poong,,,
ids-220-15-770-2,santsi,SMOOTH,Hausa,,,
ids-705-15-770-1,sapat,SMOOTH,Marathi,,,
lexirumah-pati1239-smooth-1,sapin,SMOOTH,Patipi,,,
hubercolumbian-Carijona-334_smooth-1,sarasarame,SMOOTH,Carijona,,,
diacl-57800-149_smooth-1,saren,SMOOTH,Batsbi,,,
ids-56-15-770-1,sargunssa,SMOOTH,Lak,,,
tryonsolomon-ulawa-250_smooth-1,sasacaa,SMOOTH,Ulawa,,,
ids-146-15-770-1,sastum,SMOOTH,Mansi,,,
northeuralex-mns-493_smooth-1,sastum,SMOOTH,Northern Mansi,,,
ids-287-15-770-2,sem,SMOOTH,Mundurukú,,,
ids-272-15-770-2,semihi,SMOOTH,Araona,,,
lexirumah-mpur1239-smooth-1,senafok,SMOOTH,Mpur,,,
ids-313-15-770-1,senaks,SMOOTH,Qawasqar,,,
northeuralex-che-493_smooth-1,ser@,SMOOTH,Chechen,,,
lexirumah-mpur1239-smooth-2,serama,SMOOTH,Mpur,,,
marrisonnaga-Sangtam-691_smooth-1,sese,SMOOTH,Sangtam,,,
ids-51-15-770-1,shahshub,SMOOTH,Chamalal,,,
ids-516-15-770-1,shara,SMOOTH,Ingush,,,
ids-75-15-770-1,shera,SMOOTH,Chechen,,,
ids-61-15-770-1,shergvef,SMOOTH,Aghul,,,
ids-317-15-770-1,shiar,SMOOTH,Chechen (Akkin dialect),,,
marrisonnaga-Konyak-691_smooth-1,shipu,SMOOTH,Konyak,,,
ids-74-15-770-1,shumol,SMOOTH,Judeo-Tat,,,
sohartmannchin-Wakung-213_smooth-1,shyxoe,SMOOTH,Wakung,,,
ids-252-15-770-1,siahi,SMOOTH,Ninam (Shirishana variety),,,
hubercolumbian-Siriano-334_smooth-1,sibiri,SMOOTH,Siriano,,,
ids-289-15-770-1,sii,SMOOTH,Chiriguano,,,
ids-290-15-770-1,sii,SMOOTH,Guaraní,,,
hubercolumbian-Koreguaje-334_smooth-1,sikhahai,SMOOTH,Koreguaje,,,
ids-253-15-770-1,sikopehew@,SMOOTH,Yanomámi,,,
northeuralex-liv-493_smooth-1,sildzi,SMOOTH,Livonian,,,
ids-127-15-770-1,sile,SMOOTH,Estonian,,,
ids-128-15-770-1,sileae,SMOOTH,Finnish,,,
northeuralex-fin-493_smooth-1,sileae,SMOOTH,Finnish,,,
northeuralex-vep-493_smooth-1,siled,SMOOTH,Veps,,,
northeuralex-olo-493_smooth-1,silei,SMOOTH,Olonets Karelian,,,
ids-292-15-770-1,sili,SMOOTH,Wayampi,,,
northeuralex-krl-493_smooth-1,silie,SMOOTH,North Karelian,,,
northeuralex-fin-493_smooth-2,siloinen,SMOOTH,Finnish,,,
halenepal-Sunwar-1676_smooth-1,silsil,SMOOTH,Sunwar,,,
ids-139-15-770-1,silyid,SMOOTH,Komi,,,
diacl-47900-149_smooth-2,sima,SMOOTH,Romani (Lovara),,,
ids-131-15-770-1,sima,SMOOTH,Hungarian,,,
northeuralex-hun-493_smooth-1,sima,SMOOTH,Hungarian,,,
wold-SeliceRomani-1039_smooth-1,simavo,SMOOTH,Selice Romani,,,
hubercolumbian-Awa-334_smooth-1,sinam,SMOOTH,Awa,,,
ids-262-15-770-1,sinatisi,SMOOTH,Goajiro,,,
lexirumah-ciac1237-karya-smooth-1,sindolapu,SMOOTH,"Cia-Cia, Karya Baru",,,
hubercolumbian-Tuyuca-334_smooth-1,sipi,SMOOTH,Tuyuca,,,
ids-257-15-770-1,sipi,SMOOTH,Tuyuca,,,
hubercolumbian-Yuruti-334_smooth-1,sipii,SMOOTH,Yurutí,,,
hubercolumbian-Wayuu-334_smooth-1,siratisi,SMOOTH,Wayuu,,,
tryonsolomon-lavukaleve-250_smooth-1,sisiato,SMOOTH,Lavukaleve,,,
ids-256-15-770-1,sitahi,SMOOTH,Siona,,,
lexirumah-buna1278-bobon-smooth-1,sithe,SMOOTH,"Bunak, Bobonaro",,,
lexirumah-buna1278-suai-smooth-1,sithe,SMOOTH,"Bunak, Suai",,,
northeuralex-ekk-493_smooth-1,sjilje,SMOOTH,Estonian,,,
ids-184-15-770-1,slaihts,SMOOTH,Gothic,,,
ids-211-15-770-2,slaksna,SMOOTH,Sanskrit,,,
ids-187-15-770-1,slat,SMOOTH,Swedish,,,
ids-192-15-770-1,sleht,SMOOTH,Old High German,,,
ids-193-15-770-2,sleht,SMOOTH,Middle High German ,,,
ids-185-15-770-1,slettr,SMOOTH,Old Norse,,,
ids-189-15-770-3,slight,SMOOTH,Middle English,,,
diacl-45800-149_smooth-1,sliskaco,SMOOTH,Romani (East Slovak),,,
lexirumah-mang1405-smooth-1,s@lit,SMOOTH,Manggarai,,,
northeuralex-gle-493_smooth-2,sljaunj,SMOOTH,Irish,,,
northeuralex-isl-493_smooth-2,sljehtyr,SMOOTH,Icelandic,,,
northeuralex-lit-493_smooth-1,sljidus,SMOOTH,Lithuanian,,,
wold-CeqWong-1039_smooth-1,sluc,SMOOTH,Ceq Wong,,,
ids-147-15-770-2,s@ma,SMOOTH,Mari,,,
ids-834-15-770-1,s@m@a,SMOOTH,Chong,,,
ids-210-15-770-1,smare,SMOOTH,Tocharian B,,,
ids-188-15-770-1,smethe,SMOOTH,Old English,,,
ids-189-15-770-2,smethe,SMOOTH,Middle English,,,
wold-Kanuri-1039_smooth-1,s@m@l,SMOOTH,Kanuri,,,
ids-190-15-770-1,smooth,SMOOTH,English,,,
wold-English-1039_smooth-1,smooth,SMOOTH,English,,,
ids-189-15-770-1,smothe,SMOOTH,Middle English,,,
ids-218-15-770-1,smud,SMOOTH,Jamaican Creole (Limonese Creole dialect),,,
northeuralex-eng-493_smooth-1,smud,SMOOTH,English,,,
wold-Takia-1039_smooth-1,smut,SMOOTH,Takia,,,
tryonsolomon-kilokaka-250_smooth-1,snahlu,SMOOTH,Kilokaka,,,
tryonsolomon-kmagha-250_smooth-1,snahlu,SMOOTH,Kmagha,,,
tryonsolomon-tataba-250_smooth-1,snahlu,SMOOTH,Tataba,,,
lexirumah-maib1239-smooth-2,snex,SMOOTH,Maybrat,,,
northeuralex-smn-493_smooth-1,solad,SMOOTH,Inari Sami,,,
halenepal-Khaling-1676_smooth-1,solaemim,SMOOTH,Khaling,,,
northeuralex-smn-493_smooth-2,solbad,SMOOTH,Inari Sami,,,
northeuralex-tat-493_smooth-1,soma,SMOOTH,Tatar,,,
robinsonap-teiwa-268_smooth-1,sordax,SMOOTH,Teiwa,,,
ids-704-15-770-1,sorlo,SMOOTH,Mahasu Pahari (Kotghari dialect),,,
logos-Hindistd-395_smooth-1,spaatt,SMOOTH,Hindi-std,,,
ids-215-15-770-2,spe,SMOOTH,Ancient Aramaic,,,
ids-215-15-770-1,sre,SMOOTH,Ancient Aramaic,,,
suntb-Anong-882_smooth-1,srn55,SMOOTH,Anong,,,
lexirumah-irar1238-smooth-1,s@ruid@n@,SMOOTH,Irarutu,,,
ids-533-15-770-2,stsior,SMOOTH,Tsova-Tush,,,
ids-176-15-770-1,suave,SMOOTH,Spanish,,,
wold-Japanese-1039_smooth-2,subesube,SMOOTH,Japanese,,,
hubercolumbian-Kogui-334_smooth-1,sulduk,SMOOTH,Kogui,,,
wold-Kanuri-1039_smooth-2,sulsul,SMOOTH,Kanuri,,,
ids-220-15-770-1,sumul,SMOOTH,Hausa,,,
hubercolumbian-Dimina-334_smooth-1,surukwaiga,SMOOTH,Dí̵mi̵na,,,
northeuralex-bak-493_smooth-1,swma,SMOOTH,Bashkir,,,
northeuralex-mdf-493_smooth-2,takor,SMOOTH,Moksha,,,
northeuralex-chv-493_smooth-1,tak@r,SMOOTH,Chuvash,,,
diacl-33900-149_smooth-1,takujihiti,SMOOTH,Kuikúro-Kalapálo,,,
wold-Wichi-1039_smooth-1,talichi,SMOOTH,Wichí,,,
lexirumah-term1237-smooth-1,talimodis,SMOOTH,Termanu,,,
lexirumah-lamb1273-smooth-1,tamilha,SMOOTH,Lamboya,,,
ids-271-15-770-1,tanes,SMOOTH,Mosetén,,,
marrisonnaga-MongsenAo-691_smooth-1,tani,SMOOTH,Ao Mongsen,,,
lexirumah-ring1244-smooth-1,taparodos,SMOOTH,Rikou,,,
lexirumah-kamb1299-smooth-1,tarahik,SMOOTH,Kambera,,,
ids-128-15-770-2,tasainen,SMOOTH,Finnish,,,
ids-127-15-770-2,tasane,SMOOTH,Estonian,,,
ids-251-15-770-1,tata,SMOOTH,Yaruro,,,
northeuralex-bsk-493_smooth-1,tatan,SMOOTH,Burushaski,,,
suntb-LhasaTibetan-882_smooth-1,tcam15po53,SMOOTH,Tibetan (Lhasa),,,
suntb-RangoonBurmese-882_smooth-1,tcho55,SMOOTH,Burmese (Spoken Rangoon),,,
lexirumah-kelo1247-hopte-smooth-1,t@duil,SMOOTH,"Klon, Hopter",,,
ids-519-15-770-1,tegish,SMOOTH,Kumyk (Dorgeli dialect),,,
ids-520-15-770-1,tegish,SMOOTH,Kumyk (Kajtak Tumenler dialect),,,
ids-521-15-770-1,tegish,SMOOTH,Kumyk (Kajtak dialect),,,
ids-522-15-770-1,tegish,SMOOTH,Kumyk (Karabudakhkent dialect),,,
ids-523-15-770-1,tegish,SMOOTH,Kumyk (Ter Bragun dialect),,,
ids-72-15-770-1,tegish,SMOOTH,Kumyk,,,
northeuralex-uzn-493_smooth-1,tekis,SMOOTH,Northern Uzbek,,,
lexirumah-wers1238-taram-smooth-1,terisidolok,SMOOTH,"Wersing, Taramana",,,
robinsonap-wersing-268_smooth-1,terisidolok,SMOOTH,Wersing,,,
ids-73-15-770-1,teshs,SMOOTH,Nogai,,,
marrisonnaga-ChungliAo-691_smooth-1,tesusu,SMOOTH,Ao Chungli,,,
transnewguineaorg-awyu-south-smooth-1,tetede,SMOOTH,"Awyu, South (Syiagha Dialect)",,,
lexirumah-kemb1235-smooth-1,tetera,SMOOTH,"Kemberano, Kalitami",,,
ids-814-15-770-1,thalu,SMOOTH,Mlabri,,,
lexirumah-buna1278-malia-smooth-1,thama,SMOOTH,"Bunak, Maliana",,,
tryonsolomon-mbaelelea-250_smooth-1,thamothamoa,SMOOTH,Mbaelelea,,,
suntb-Kaman-882_smooth-1,thau53,SMOOTH,Kaman [Miju],,,
northeuralex-xal-493_smooth-1,thegse,SMOOTH,Kalmyk,,,
northeuralex-xal-493_smooth-2,thinger,SMOOTH,Kalmyk,,,
suntb-Idu-882_smooth-1,thu31brong35,SMOOTH,Idu,,,
hubercolumbian-Bora-334_smooth-4,thwthwribathwne,SMOOTH,Bora,,,
wold-Qeqchi-1039_smooth-4,tiik,SMOOTH,Q'eqchi',,,
northeuralex-kaz-493_smooth-1,tijp@l,SMOOTH,Kazakh,,,
ids-172-15-770-1,tikarinke,SMOOTH,Panare,,,
ids-285-15-770-1,tiloini,SMOOTH,Movima,,,
ids-263-15-770-1,timahu,SMOOTH,Ignaciano,,,
ids-295-15-770-1,titi,SMOOTH,Karajá,,,
ids-238-15-770-2,titika,SMOOTH,Rapa Nui,,,
ids-523-15-770-2,tiuz,SMOOTH,Kumyk (Ter Bragun dialect),,,
ids-72-15-770-2,tiuz,SMOOTH,Kumyk,,,
ids-174-15-770-1,tiwansude,SMOOTH,De'kwana,,,
ids-175-15-770-1,tmemese,SMOOTH,Wai Wai,,,
ids-240-15-770-2,tokalelei,SMOOTH,Tongan,,,
ids-310-15-770-1,tolk,SMOOTH,Tehuelche,,,
lexirumah-fata1247-smooth-2,tomoke,SMOOTH,Fataluku,,,
ids-286-15-770-1,topisik,SMOOTH,Pacaas Novos,,,
ids-147-15-770-1,tor,SMOOTH,Mari,,,
hubercolumbian-EmberaDarien-334_smooth-1,towakhirua,SMOOTH,Embera Darién,,,
wold-Manange-1039_smooth-1,tsa,SMOOTH,Manange,,,
northeuralex-lez-493_smooth-1,tsaltsam,SMOOTH,Lezgian,,,
suntb-Maru-882_smooth-1,tsat55,SMOOTH,Maru [Langsu],,,
ids-500-15-770-1,tsengled,SMOOTH,Aghul (Koshan dialect),,,
northeuralex-khk-493_smooth-1,tshagang,SMOOTH,Khalkha Mongolian,,,
ids-323-15-770-3,tsiakarab,SMOOTH,Avar (Ansalta dialect),,,
ids-165-15-770-1,tsialtsiam,SMOOTH,Lezgian (Quba dialect),,,
ids-64-15-770-1,tsialtsiam,SMOOTH,Lezgian,,,
ids-65-15-770-1,tsialtsiam,SMOOTH,Lezgi (Mikrakh dialect),,,
ids-68-15-770-1,tsialtsim,SMOOTH,Tabasaran (Southern dialect),,,
ids-702-15-770-1,tsikana,SMOOTH,Hindi  ,,,
northeuralex-hin-493_smooth-2,tsikna,SMOOTH,Hindi,,,
ids-28-15-770-2,tsitsiirtsitsiirarab,SMOOTH,Avar (Andalal dialect),,,
ids-28-15-770-1,tsitsivakarab,SMOOTH,Avar (Andalal dialect),,,
ids-530-15-770-1,tsiumtsiardy,SMOOTH,Rutul (Shinaz dialect),,,
ids-529-15-770-1,tsiumtsiurdy,SMOOTH,Rutul (Mukhrek) dialect,,,
ids-528-15-770-1,tsiumtsiuryd,SMOOTH,Rutul (Ikhrek dialect),,,
ids-501-15-770-1,tsivakadab,SMOOTH,Botlikh (Miarso dialect),,,
ids-33-15-770-3,tsivakadabe,SMOOTH,Akhvakh (Northern dialect),,,
ids-320-15-770-1,tsivakara,SMOOTH,Avar (Araderikh dialect),,,
ids-321-15-770-3,tsivakara,SMOOTH,Avar (Khunzakh dialect),,,
ids-107-15-770-1,tsivakarab,SMOOTH,Avar,,,
ids-40-15-770-1,tsivakilub,SMOOTH,Karata (Tokitin dialect),,,
ids-29-15-770-1,tsivakrab,SMOOTH,Avar (Antsukh dialect),,,
ids-31-15-770-2,tsivakurab,SMOOTH,Avar (Karakh dialect),,,
northeuralex-hin-493_smooth-1,tsor@s,SMOOTH,Hindi,,,
suntb-DaliBai-882_smooth-1,tsue42ua42,SMOOTH,Bai (Dali),,,
suntb-JianchuanBai-882_smooth-1,tsui42,SMOOTH,Bai (Jianchuan),,,
suntb-BijiangBai-882_smooth-1,tsui42lui33lui33,SMOOTH,Bai (Bijiang),,,
wold-Japanese-1039_smooth-3,tsurutsuru,SMOOTH,Japanese,,,
suntb-Atsi-882_smooth-1,tsut55,SMOOTH,Atsi [Zaiwa],,,
ids-324-15-770-3,tsvakarab,SMOOTH,Avar (Salatav dialect),,,
northeuralex-ava-493_smooth-1,tswakarab,SMOOTH,Avar,,,
lexirumah-sibo1242-atii-smooth-1,tuaka,SMOOTH,"Suboo, Atiibaai",,,
lexirumah-kama1365-smooth-2,tuk,SMOOTH,"Kamang, Atoitaa",,,
wold-Kalina-1039_smooth-1,tukapele,SMOOTH,Kali'na,,,
lexirumah-kama1365-smooth-1,tulaka,SMOOTH,"Kamang, Atoitaa",,,
robinsonap-kamang-268_smooth-1,tulaka,SMOOTH,Kamang,,,
hubercolumbian-TuneboCentral-334_smooth-1,tunira,SMOOTH,Tunebo Central,,,
ids-73-15-770-2,tuz,SMOOTH,Nogai,,,
lexirumah-alor1247-bana-smooth-2,uik,SMOOTH,"Alorese, Bana",,,
ids-188-15-770-2,unruh,SMOOTH,Old English,,,
tryonsolomon-areare2-250_smooth-1,ununua,SMOOTH,'Are'are (2),,,
wold-Ket-1039_smooth-1,uul,SMOOTH,Ket,,,
northeuralex-ket-493_smooth-1,uyc,SMOOTH,Ket,,,
northeuralex-mdf-493_smooth-1,vadjav,SMOOTH,Moksha,,,
northeuralex-myv-493_smooth-1,valana,SMOOTH,Erzya,,,
ids-126-15-770-1,valanya,SMOOTH,Erzya Mordvin,,,
ids-708-15-770-1,valavalappana,SMOOTH,Tamil,,,
tls-Sihaunn-1247_smooth-1,veveri,SMOOTH,Siha.unn,,,
naganorgyalrongic-JinchuanGuaninqiaorGyalrong-886_levelandsmooth-1,vlag,SMOOTH,rGyalrong (Jinchuan Guaninqiao Wobzi),,,
naganorgyalrongic-JinchuanGuaninqiaorGyalrong-954_smooth-1,vlag,SMOOTH,rGyalrong (Jinchuan Guaninqiao Wobzi),,,
northeuralex-udm-493_smooth-2,voljit,SMOOTH,Udmurt,,,
ids-159-15-770-1,volyit,SMOOTH,Udmurt,,,
northeuralex-kpv-493_smooth-1,voyk,SMOOTH,Komi-Zyrian,,,
northeuralex-koi-493_smooth-1,voykit,SMOOTH,Komi-Permyak,,,
northeuralex-tam-493_smooth-1,vruvrupan,SMOOTH,Tamil,,,
ids-532-15-770-1,vyzhanan,SMOOTH,Tsakhur (Gelmets dialect),,,
tryonsolomon-arosi2-250_smooth-1,wadi,SMOOTH,Arosi (2),,,
tryonsolomon-arosi1-250_smooth-1,wadiwadi,SMOOTH,Arosi (1),,,
tryonsolomon-bauro1-250_smooth-1,wariwari,SMOOTH,Bauro (1),,,
ids-260-15-770-1,wasidya,SMOOTH,Yagua,,,
tryonsolomon-bauro2-250_smooth-1,wasiwas,SMOOTH,Bauro (2),,,
lexirumah-pura1253-smooth-1,woteteanu,SMOOTH,Puragi,,,
northeuralex-kca-493_smooth-1,woyk,SMOOTH,Northern Khanty,,,
suntb-YajiangQueyu-882_smooth-1,xa55xa55,SMOOTH,Queyu (Yajiang) [Zhaba],,,
sohartmannchin-Matu-213_smooth-1,xal,SMOOTH,Matu,,,
suntb-Ersu-882_smooth-1,xi55xi55,SMOOTH,Ersu,,,
wold-Otomi-1039_smooth-1,xintsuki,SMOOTH,Otomi,,,
lexirumah-yaha1248-smooth-1,xixire,SMOOTH,Mugim,,,
hubercolumbian-Paez-334_smooth-2,xjude,SMOOTH,Páez,,,
suntb-LijiangNaxi-882_smooth-1,xo33lo55,SMOOTH,Naxi (Lijiang),,,
suntb-Tujia-882_smooth-1,xua21,SMOOTH,Tujia,,,
ids-224-15-770-1,xus,SMOOTH,Karok,,,
northeuralex-pbu-493_smooth-1,xwai,SMOOTH,Northern Pashto,,,
ids-228-15-770-1,yaas,SMOOTH,Tlingit,,,
ids-222-15-770-2,yemascin,SMOOTH,Nahuatl (Sierra de Zacapoaxtla variety),,,
wold-Hup-1039_smooth-1,yib,SMOOTH,Hup,,,
ids-282-15-770-1,yiba,SMOOTH,Yaminahua,,,
northeuralex-cat-493_smooth-1,yis,SMOOTH,Catalan,,,
ids-302-15-770-1,yisoteta,SMOOTH,Pilagá,,,
wold-Qeqchi-1039_smooth-3,yolyol,SMOOTH,Q'eqchi',,,
halenepal-SherpaTibetan-1676_smooth-1,yulqdangba,SMOOTH,Tibetan (Sherpa),,,
halenepal-Chepang-1676_smooth-1,yumo,SMOOTH,Chepang,,,
hantganbangime-Songhai_Senni-241_smooth-1,yutulu,SMOOTH,Songhai_Senni,,,
marrisonnaga-Lushai-691_smooth-2,zal,SMOOTH,Lushai,,,
tryonsolomon-vaghua-250_smooth-2,zalama,SMOOTH,Vaghua,,,
tryonsolomon-varisi-250_smooth-1,zalama,SMOOTH,Varisi,,,
northeuralex-ady-493_smooth-1,zan@bz,SMOOTH,Adyghe,,,
ids-39-15-770-1,zherzhabob,SMOOTH,Karata,,,
suntb-MileYi-882_smooth-1,zi33,SMOOTH,Yi (Mile),,,
northeuralex-lav-493_smooth-2,zlidaens,SMOOTH,Latvian,,,
ids-243-15-770-1,zmohosysuca,SMOOTH,Muisca,,,
hubercolumbian-Ika-334_smooth-1,z@n,SMOOTH,Ika,,,
suntb-Lisu-882_smooth-1,zr35lu35,SMOOTH,Lisu,,,